[server] starting; models config = [("q9", "/data/ai-ml/hf-models/qwen35-9b-nvfp4-gguf/Qwen3.5-9B-NVFP4-MTP-GGUF.gguf", Some("/data/ai-ml/hf-models/qwen35-9b-nvfp4-gguf/draft-9b-owntrim-nvfp4head-q4blk.gguf"))]
[gpu-watch] Xid source: journalctl -k -f (/dev/kmsg unreadable — kernel.dmesg_restrict)
[gpu-watch] on: every 60s, probe deadline 10s, fatal Xid [48, 64, 79, 94, 95, 119, 120]
[worker] Engine ready (MEMRA_FAST=true)
[worker] loading model "q9" <- /data/ai-ml/hf-models/qwen35-9b-nvfp4-gguf/Qwen3.5-9B-NVFP4-MTP-GGUF.gguf
[mtp-draft] external draft head: blk.32, head_vocab=32768 (trimmed, d2t map)
[worker] q9: regime draft attached (/data/ai-ml/hf-models/qwen35-9b-nvfp4-gguf/draft-9b-owntrim-nvfp4head-q4blk.gguf)
[worker]   loaded "q9": 33 layers, eos=248046
[worker] q9: template caps tools=true think=true think_switch=true chat_ok=true ctx=262144 tok="qwen35" instruct=Some("chatml")
[worker] q9: decode chunk cap 16 (exact-16 tier)
[prefix-cache] on: budget 268MB (MEMRA_PREFIX_CACHE_MB), min prefix 64 tokens
[server] worker ready; serving models: ["q9"]
[server] listening on http://127.0.0.1:8319
[meter] admit id=chatcmpl-0bbbfe3afb563900c9bfae4d51cbaca7 tenant=default lane=interactive model="q9"
[tick] act=1 int=1 priming=1 ready=0 spec=0 demoted=0 decode_ms=0.0
[tick] act=1 int=1 priming=1 ready=0 spec=0 demoted=0 decode_ms=0.0
[tick] act=1 int=1 priming=1 ready=0 spec=0 demoted=0 decode_ms=0.0
[tick] act=1 int=1 priming=1 ready=0 spec=0 demoted=0 decode_ms=0.0
[tick] act=1 int=1 priming=1 ready=0 spec=0 demoted=0 decode_ms=0.0
[tick] act=1 int=1 priming=1 ready=0 spec=0 demoted=0 decode_ms=0.0
[tick] act=1 int=1 priming=1 ready=0 spec=0 demoted=0 decode_ms=0.0
[tick] act=1 int=1 priming=1 ready=0 spec=0 demoted=0 decode_ms=0.0
[tick] act=1 int=1 priming=1 ready=0 spec=0 demoted=0 decode_ms=0.0
[tick] act=1 int=1 priming=1 ready=0 spec=0 demoted=0 decode_ms=0.0
[tick] act=1 int=1 priming=1 ready=0 spec=0 demoted=0 decode_ms=0.0
[tick] act=1 int=1 priming=1 ready=0 spec=0 demoted=0 decode_ms=0.0
[tick] act=1 int=1 priming=0 ready=1 spec=0 demoted=0 decode_ms=7.3
[tick] act=1 int=1 priming=0 ready=1 spec=0 demoted=0 decode_ms=7.0
[tick] act=1 int=1 priming=0 ready=1 spec=0 demoted=0 decode_ms=7.0
[tick] act=1 int=1 priming=0 ready=1 spec=0 demoted=0 decode_ms=7.0
[tick] act=1 int=1 priming=0 ready=1 spec=0 demoted=0 decode_ms=7.0
[tick] act=1 int=1 priming=0 ready=1 spec=0 demoted=0 decode_ms=7.1
[tick] act=1 int=1 priming=0 ready=1 spec=0 demoted=0 decode_ms=7.1
[tick] act=1 int=1 priming=0 ready=1 spec=0 demoted=0 decode_ms=7.1
[tick] act=1 int=1 priming=0 ready=0 spec=0 demoted=0 decode_ms=0.0
[meter] admit id=chatcmpl-2239574780a59edd7ce3ae8710f8fcaf tenant=default lane=interactive model="q9"
[worker] observed session VRAM cost for "q9": 101MB (admission gate = 2x)
[tick] act=1 int=1 priming=1 ready=0 spec=0 demoted=0 decode_ms=0.0
[tick] act=1 int=1 priming=1 ready=0 spec=0 demoted=0 decode_ms=0.0
[tick] act=1 int=1 priming=1 ready=0 spec=0 demoted=0 decode_ms=0.0
[tick] act=1 int=1 priming=1 ready=0 spec=0 demoted=0 decode_ms=0.0
[tick] act=1 int=1 priming=1 ready=0 spec=0 demoted=0 decode_ms=0.0
[tick] act=1 int=1 priming=1 ready=0 spec=0 demoted=0 decode_ms=0.0
[tick] act=1 int=1 priming=1 ready=0 spec=0 demoted=0 decode_ms=0.0
[tick] act=1 int=1 priming=1 ready=0 spec=0 demoted=0 decode_ms=0.0
[tick] act=1 int=1 priming=1 ready=0 spec=0 demoted=0 decode_ms=0.0
[tick] act=1 int=1 priming=1 ready=0 spec=0 demoted=0 decode_ms=0.0
[tick] act=1 int=1 priming=1 ready=0 spec=0 demoted=0 decode_ms=0.0
[tick] act=1 int=1 priming=1 ready=0 spec=0 demoted=0 decode_ms=0.0
[tick] act=1 int=1 priming=1 ready=0 spec=0 demoted=0 decode_ms=0.0
[tick] act=1 int=1 priming=1 ready=0 spec=0 demoted=0 decode_ms=0.0
[tick] act=1 int=1 priming=1 ready=0 spec=0 demoted=0 decode_ms=0.0
[tick] act=1 int=1 priming=1 ready=0 spec=0 demoted=0 decode_ms=0.0
[tick] act=1 int=1 priming=1 ready=0 spec=0 demoted=0 decode_ms=0.0
[tick] act=1 int=1 priming=1 ready=0 spec=0 demoted=0 decode_ms=0.0
[tick] act=1 int=1 priming=1 ready=0 spec=0 demoted=0 decode_ms=0.0
[tick] act=1 int=1 priming=1 ready=0 spec=0 demoted=0 decode_ms=0.0
[tick] act=1 int=1 priming=1 ready=0 spec=0 demoted=0 decode_ms=0.0
[tick] act=1 int=1 priming=1 ready=0 spec=0 demoted=0 decode_ms=0.0
[tick] act=1 int=1 priming=1 ready=0 spec=0 demoted=0 decode_ms=0.0
[tick] act=1 int=1 priming=1 ready=0 spec=0 demoted=0 decode_ms=0.0
[tick] act=1 int=1 priming=1 ready=0 spec=0 demoted=0 decode_ms=0.0
[tick] act=1 int=1 priming=1 ready=0 spec=0 demoted=0 decode_ms=0.0
[tick] act=1 int=1 priming=1 ready=0 spec=0 demoted=0 decode_ms=0.0
[tick] act=1 int=1 priming=1 ready=0 spec=0 demoted=0 decode_ms=0.0
[tick] act=1 int=1 priming=1 ready=0 spec=0 demoted=0 decode_ms=0.0
[tick] act=1 int=1 priming=1 ready=0 spec=0 demoted=0 decode_ms=0.0
[tick] act=1 int=1 priming=1 ready=0 spec=0 demoted=0 decode_ms=0.0
[tick] act=1 int=1 priming=1 ready=0 spec=0 demoted=0 decode_ms=0.0
[tick] act=1 int=1 priming=1 ready=0 spec=0 demoted=0 decode_ms=0.0
[tick] act=1 int=1 priming=1 ready=0 spec=0 demoted=0 decode_ms=0.0
[tick] act=1 int=1 priming=1 ready=0 spec=0 demoted=0 decode_ms=0.0
[tick] act=1 int=1 priming=1 ready=0 spec=0 demoted=0 decode_ms=0.0
[tick] act=1 int=1 priming=1 ready=0 spec=0 demoted=0 decode_ms=0.0
[tick] act=1 int=1 priming=1 ready=0 spec=0 demoted=0 decode_ms=0.0
[tick] act=1 int=1 priming=1 ready=0 spec=0 demoted=0 decode_ms=0.0
[tick] act=1 int=1 priming=1 ready=0 spec=0 demoted=0 decode_ms=0.0
[tick] act=1 int=1 priming=1 ready=0 spec=0 demoted=0 decode_ms=0.0
[tick] act=1 int=1 priming=1 ready=0 spec=0 demoted=0 decode_ms=0.0
[tick] act=1 int=1 priming=1 ready=0 spec=0 demoted=0 decode_ms=0.0
[tick] act=1 int=1 priming=1 ready=0 spec=0 demoted=0 decode_ms=0.0
[tick] act=1 int=1 priming=1 ready=0 spec=0 demoted=0 decode_ms=0.0
[tick] act=1 int=1 priming=1 ready=0 spec=0 demoted=0 decode_ms=0.0
[tick] act=1 int=1 priming=1 ready=0 spec=0 demoted=0 decode_ms=0.0
[tick] act=1 int=1 priming=1 ready=0 spec=0 demoted=0 decode_ms=0.0
[tick] act=1 int=1 priming=1 ready=0 spec=0 demoted=0 decode_ms=0.0
[tick] act=1 int=1 priming=1 ready=0 spec=0 demoted=0 decode_ms=0.0
[tick] act=1 int=1 priming=1 ready=0 spec=0 demoted=0 decode_ms=0.0
[tick] act=1 int=1 priming=1 ready=0 spec=0 demoted=0 decode_ms=0.0
[tick] act=1 int=1 priming=1 ready=0 spec=0 demoted=0 decode_ms=0.0
[tick] act=1 int=1 priming=1 ready=0 spec=0 demoted=0 decode_ms=0.0
[tick] act=1 int=1 priming=1 ready=0 spec=0 demoted=0 decode_ms=0.0
[tick] act=1 int=1 priming=1 ready=0 spec=0 demoted=0 decode_ms=0.0
[tick] act=1 int=1 priming=1 ready=0 spec=0 demoted=0 decode_ms=0.0
[tick] act=1 int=1 priming=1 ready=0 spec=0 demoted=0 decode_ms=0.0
[tick] act=1 int=1 priming=1 ready=0 spec=0 demoted=0 decode_ms=0.0
[tick] act=1 int=1 priming=1 ready=0 spec=0 demoted=0 decode_ms=0.0
[tick] act=1 int=1 priming=1 ready=0 spec=0 demoted=0 decode_ms=0.0
[tick] act=1 int=1 priming=1 ready=0 spec=0 demoted=0 decode_ms=0.0
[tick] act=1 int=1 priming=1 ready=0 spec=0 demoted=0 decode_ms=0.0
[tick] act=1 int=1 priming=1 ready=0 spec=0 demoted=0 decode_ms=0.0
[tick] act=1 int=1 priming=1 ready=0 spec=0 demoted=0 decode_ms=0.0
[tick] act=1 int=1 priming=1 ready=0 spec=0 demoted=0 decode_ms=0.0
[tick] act=1 int=1 priming=1 ready=0 spec=0 demoted=0 decode_ms=0.0
[tick] act=1 int=1 priming=1 ready=0 spec=0 demoted=0 decode_ms=0.0
[tick] act=1 int=1 priming=1 ready=0 spec=0 demoted=0 decode_ms=0.0
[tick] act=1 int=1 priming=1 ready=0 spec=0 demoted=0 decode_ms=0.0
[tick] act=1 int=1 priming=1 ready=0 spec=0 demoted=0 decode_ms=0.0
[tick] act=1 int=1 priming=1 ready=0 spec=0 demoted=0 decode_ms=0.0
[tick] act=1 int=1 priming=1 ready=0 spec=0 demoted=0 decode_ms=0.0
[tick] act=1 int=1 priming=1 ready=0 spec=0 demoted=0 decode_ms=0.0
[tick] act=1 int=1 priming=1 ready=0 spec=0 demoted=0 decode_ms=0.0
[tick] act=1 int=1 priming=1 ready=0 spec=0 demoted=0 decode_ms=0.0
[tick] act=1 int=1 priming=1 ready=0 spec=0 demoted=0 decode_ms=0.0
[tick] act=1 int=1 priming=1 ready=0 spec=0 demoted=0 decode_ms=0.0
[tick] act=1 int=1 priming=1 ready=0 spec=0 demoted=0 decode_ms=0.0
[tick] act=1 int=1 priming=1 ready=0 spec=0 demoted=0 decode_ms=0.0
[tick] act=1 int=1 priming=1 ready=0 spec=0 demoted=0 decode_ms=0.0
[tick] act=1 int=1 priming=1 ready=0 spec=0 demoted=0 decode_ms=0.0
[tick] act=1 int=1 priming=1 ready=0 spec=0 demoted=0 decode_ms=0.0
[tick] act=1 int=1 priming=1 ready=0 spec=0 demoted=0 decode_ms=0.0
[tick] act=1 int=1 priming=1 ready=0 spec=0 demoted=0 decode_ms=0.0
[tick] act=1 int=1 priming=1 ready=0 spec=0 demoted=0 decode_ms=0.0
[tick] act=1 int=1 priming=1 ready=0 spec=0 demoted=0 decode_ms=0.0
[tick] act=1 int=1 priming=1 ready=0 spec=0 demoted=0 decode_ms=0.0
[tick] act=1 int=1 priming=1 ready=0 spec=0 demoted=0 decode_ms=0.0
[tick] act=1 int=1 priming=1 ready=0 spec=0 demoted=0 decode_ms=0.0
[tick] act=1 int=1 priming=1 ready=0 spec=0 demoted=0 decode_ms=0.0
[tick] act=1 int=1 priming=1 ready=0 spec=0 demoted=0 decode_ms=0.0
[tick] act=1 int=1 priming=1 ready=0 spec=0 demoted=0 decode_ms=0.0
[tick] act=1 int=1 priming=1 ready=0 spec=0 demoted=0 decode_ms=0.0
[tick] act=1 int=1 priming=1 ready=0 spec=0 demoted=0 decode_ms=0.0
[tick] act=1 int=1 priming=1 ready=0 spec=0 demoted=0 decode_ms=0.0
[tick] act=1 int=1 priming=1 ready=0 spec=0 demoted=0 decode_ms=0.0
[tick] act=1 int=1 priming=1 ready=0 spec=0 demoted=0 decode_ms=0.0
[tick] act=1 int=1 priming=1 ready=0 spec=0 demoted=0 decode_ms=0.0
[tick] act=1 int=1 priming=1 ready=0 spec=0 demoted=0 decode_ms=0.0
[tick] act=1 int=1 priming=1 ready=0 spec=0 demoted=0 decode_ms=0.0
[tick] act=1 int=1 priming=1 ready=0 spec=0 demoted=0 decode_ms=0.0
[tick] act=1 int=1 priming=1 ready=0 spec=0 demoted=0 decode_ms=0.0
[tick] act=1 int=1 priming=1 ready=0 spec=0 demoted=0 decode_ms=0.0
[tick] act=1 int=1 priming=1 ready=0 spec=0 demoted=0 decode_ms=0.0
[tick] act=1 int=1 priming=1 ready=0 spec=0 demoted=0 decode_ms=0.0
[tick] act=1 int=1 priming=1 ready=0 spec=0 demoted=0 decode_ms=0.0
[tick] act=1 int=1 priming=1 ready=0 spec=0 demoted=0 decode_ms=0.0
[tick] act=1 int=1 priming=1 ready=0 spec=0 demoted=0 decode_ms=0.0
[tick] act=1 int=1 priming=1 ready=0 spec=0 demoted=0 decode_ms=0.0
[tick] act=1 int=1 priming=1 ready=0 spec=0 demoted=0 decode_ms=0.0
[tick] act=1 int=1 priming=1 ready=0 spec=0 demoted=0 decode_ms=0.0
[tick] act=1 int=1 priming=1 ready=0 spec=0 demoted=0 decode_ms=0.0
[tick] act=1 int=1 priming=1 ready=0 spec=0 demoted=0 decode_ms=0.0
[tick] act=1 int=1 priming=1 ready=0 spec=0 demoted=0 decode_ms=0.0
[tick] act=1 int=1 priming=1 ready=0 spec=0 demoted=0 decode_ms=0.0
[tick] act=1 int=1 priming=1 ready=0 spec=0 demoted=0 decode_ms=0.0
[tick] act=1 int=1 priming=1 ready=0 spec=0 demoted=0 decode_ms=0.0
[tick] act=1 int=1 priming=1 ready=0 spec=0 demoted=0 decode_ms=0.0
[tick] act=1 int=1 priming=1 ready=0 spec=0 demoted=0 decode_ms=0.0
[tick] act=1 int=1 priming=1 ready=0 spec=0 demoted=0 decode_ms=0.0
[tick] act=1 int=1 priming=1 ready=0 spec=0 demoted=0 decode_ms=0.0
[tick] act=1 int=1 priming=1 ready=0 spec=0 demoted=0 decode_ms=0.0
[tick] act=1 int=1 priming=1 ready=0 spec=0 demoted=0 decode_ms=0.0
[tick] act=1 int=1 priming=1 ready=0 spec=0 demoted=0 decode_ms=0.0
[tick] act=1 int=1 priming=1 ready=0 spec=0 demoted=0 decode_ms=0.0
[tick] act=1 int=1 priming=1 ready=0 spec=0 demoted=0 decode_ms=0.0
[tick] act=1 int=1 priming=1 ready=0 spec=0 demoted=0 decode_ms=0.0
[tick] act=1 int=1 priming=1 ready=0 spec=0 demoted=0 decode_ms=0.0
[tick] act=1 int=1 priming=1 ready=0 spec=0 demoted=0 decode_ms=0.0
[tick] act=1 int=1 priming=1 ready=0 spec=0 demoted=0 decode_ms=0.0
[tick] act=1 int=1 priming=1 ready=0 spec=0 demoted=0 decode_ms=0.0
[tick] act=1 int=1 priming=1 ready=0 spec=0 demoted=0 decode_ms=0.0
[tick] act=1 int=1 priming=1 ready=0 spec=0 demoted=0 decode_ms=0.0
[tick] act=1 int=1 priming=1 ready=0 spec=0 demoted=0 decode_ms=0.0
[tick] act=1 int=1 priming=1 ready=0 spec=0 demoted=0 decode_ms=0.0
[tick] act=1 int=1 priming=1 ready=0 spec=0 demoted=0 decode_ms=0.0
[tick] act=1 int=1 priming=1 ready=0 spec=0 demoted=0 decode_ms=0.0
[tick] act=1 int=1 priming=1 ready=0 spec=0 demoted=0 decode_ms=0.0
[tick] act=1 int=1 priming=1 ready=0 spec=0 demoted=0 decode_ms=0.0
[tick] act=1 int=1 priming=1 ready=0 spec=0 demoted=0 decode_ms=0.0
[tick] act=1 int=1 priming=1 ready=0 spec=0 demoted=0 decode_ms=0.0
[tick] act=1 int=1 priming=1 ready=0 spec=0 demoted=0 decode_ms=0.0
[tick] act=1 int=1 priming=1 ready=0 spec=0 demoted=0 decode_ms=0.0
[tick] act=1 int=1 priming=1 ready=0 spec=0 demoted=0 decode_ms=0.0
[tick] act=1 int=1 priming=1 ready=0 spec=0 demoted=0 decode_ms=0.0
[tick] act=1 int=1 priming=1 ready=0 spec=0 demoted=0 decode_ms=0.0
[tick] act=1 int=1 priming=1 ready=0 spec=0 demoted=0 decode_ms=0.0
[tick] act=1 int=1 priming=1 ready=0 spec=0 demoted=0 decode_ms=0.0
[tick] act=1 int=1 priming=1 ready=0 spec=0 demoted=0 decode_ms=0.0
[tick] act=1 int=1 priming=1 ready=0 spec=0 demoted=0 decode_ms=0.0
[tick] act=1 int=1 priming=1 ready=0 spec=0 demoted=0 decode_ms=0.0
[tick] act=1 int=1 priming=1 ready=0 spec=0 demoted=0 decode_ms=0.0
[tick] act=1 int=1 priming=1 ready=0 spec=0 demoted=0 decode_ms=0.0
[tick] act=1 int=1 priming=1 ready=0 spec=0 demoted=0 decode_ms=0.0
[tick] act=1 int=1 priming=1 ready=0 spec=0 demoted=0 decode_ms=0.0
[tick] act=1 int=1 priming=1 ready=0 spec=0 demoted=0 decode_ms=0.0
[tick] act=1 int=1 priming=1 ready=0 spec=0 demoted=0 decode_ms=0.0
[tick] act=1 int=1 priming=1 ready=0 spec=0 demoted=0 decode_ms=0.0
[tick] act=1 int=1 priming=1 ready=0 spec=0 demoted=0 decode_ms=0.0
[tick] act=1 int=1 priming=1 ready=0 spec=0 demoted=0 decode_ms=0.0
[tick] act=1 int=1 priming=1 ready=0 spec=0 demoted=0 decode_ms=0.0
[tick] act=1 int=1 priming=1 ready=0 spec=0 demoted=0 decode_ms=0.0
[tick] act=1 int=1 priming=1 ready=0 spec=0 demoted=0 decode_ms=0.0
[tick] act=1 int=1 priming=1 ready=0 spec=0 demoted=0 decode_ms=0.0
[tick] act=1 int=1 priming=1 ready=0 spec=0 demoted=0 decode_ms=0.0
[tick] act=1 int=1 priming=1 ready=0 spec=0 demoted=0 decode_ms=0.0
[tick] act=1 int=1 priming=1 ready=0 spec=0 demoted=0 decode_ms=0.0
[tick] act=1 int=1 priming=1 ready=0 spec=0 demoted=0 decode_ms=0.0
[tick] act=1 int=1 priming=1 ready=0 spec=0 demoted=0 decode_ms=0.0
[tick] act=1 int=1 priming=1 ready=0 spec=0 demoted=0 decode_ms=0.0
[tick] act=1 int=1 priming=1 ready=0 spec=0 demoted=0 decode_ms=0.0
[tick] act=1 int=1 priming=1 ready=0 spec=0 demoted=0 decode_ms=0.0
[tick] act=1 int=1 priming=1 ready=0 spec=0 demoted=0 decode_ms=0.0
[tick] act=1 int=1 priming=1 ready=0 spec=0 demoted=0 decode_ms=0.0
[tick] act=1 int=1 priming=1 ready=0 spec=0 demoted=0 decode_ms=0.0
[tick] act=1 int=1 priming=1 ready=0 spec=0 demoted=0 decode_ms=0.0
[tick] act=1 int=1 priming=1 ready=0 spec=0 demoted=0 decode_ms=0.0
[tick] act=1 int=1 priming=1 ready=0 spec=0 demoted=0 decode_ms=0.0
[tick] act=1 int=1 priming=1 ready=0 spec=0 demoted=0 decode_ms=0.0
[tick] act=1 int=1 priming=1 ready=0 spec=0 demoted=0 decode_ms=0.0
[tick] act=1 int=1 priming=1 ready=0 spec=0 demoted=0 decode_ms=0.0
[tick] act=1 int=1 priming=1 ready=0 spec=0 demoted=0 decode_ms=0.0
[tick] act=1 int=1 priming=1 ready=0 spec=0 demoted=0 decode_ms=0.0
[tick] act=1 int=1 priming=1 ready=0 spec=0 demoted=0 decode_ms=0.0
[tick] act=1 int=1 priming=1 ready=0 spec=0 demoted=0 decode_ms=0.0
[tick] act=1 int=1 priming=1 ready=0 spec=0 demoted=0 decode_ms=0.0
[tick] act=1 int=1 priming=1 ready=0 spec=0 demoted=0 decode_ms=0.0
[tick] act=1 int=1 priming=1 ready=0 spec=0 demoted=0 decode_ms=0.0
[tick] act=1 int=1 priming=1 ready=0 spec=0 demoted=0 decode_ms=0.0
[tick] act=1 int=1 priming=1 ready=0 spec=0 demoted=0 decode_ms=0.0
[tick] act=1 int=1 priming=1 ready=0 spec=0 demoted=0 decode_ms=0.0
[tick] act=1 int=1 priming=1 ready=0 spec=0 demoted=0 decode_ms=0.0
[tick] act=1 int=1 priming=1 ready=0 spec=0 demoted=0 decode_ms=0.0
[tick] act=1 int=1 priming=1 ready=0 spec=0 demoted=0 decode_ms=0.0
[tick] act=1 int=1 priming=1 ready=0 spec=0 demoted=0 decode_ms=0.0
[tick] act=1 int=1 priming=1 ready=0 spec=0 demoted=0 decode_ms=0.0
[tick] act=1 int=1 priming=1 ready=0 spec=0 demoted=0 decode_ms=0.0
[tick] act=1 int=1 priming=1 ready=0 spec=0 demoted=0 decode_ms=0.0
[tick] act=1 int=1 priming=1 ready=0 spec=0 demoted=0 decode_ms=0.0
[tick] act=1 int=1 priming=1 ready=0 spec=0 demoted=0 decode_ms=0.0
[tick] act=1 int=1 priming=1 ready=0 spec=0 demoted=0 decode_ms=0.0
[tick] act=1 int=1 priming=1 ready=0 spec=0 demoted=0 decode_ms=0.0
[tick] act=1 int=1 priming=1 ready=0 spec=0 demoted=0 decode_ms=0.0
[tick] act=1 int=1 priming=1 ready=0 spec=0 demoted=0 decode_ms=0.0
[tick] act=1 int=1 priming=1 ready=0 spec=0 demoted=0 decode_ms=0.0
[tick] act=1 int=1 priming=1 ready=0 spec=0 demoted=0 decode_ms=0.0
[tick] act=1 int=1 priming=1 ready=0 spec=0 demoted=0 decode_ms=0.0
[tick] act=1 int=1 priming=1 ready=0 spec=0 demoted=0 decode_ms=0.0
[tick] act=1 int=1 priming=1 ready=0 spec=0 demoted=0 decode_ms=0.0
[tick] act=1 int=1 priming=1 ready=0 spec=0 demoted=0 decode_ms=0.0
[tick] act=1 int=1 priming=1 ready=0 spec=0 demoted=0 decode_ms=0.0
[tick] act=1 int=1 priming=1 ready=0 spec=0 demoted=0 decode_ms=0.0
[tick] act=1 int=1 priming=1 ready=0 spec=0 demoted=0 decode_ms=0.0
[tick] act=1 int=1 priming=1 ready=0 spec=0 demoted=0 decode_ms=0.0
[tick] act=1 int=1 priming=1 ready=0 spec=0 demoted=0 decode_ms=0.0
[tick] act=1 int=1 priming=1 ready=0 spec=0 demoted=0 decode_ms=0.0
[tick] act=1 int=1 priming=1 ready=0 spec=0 demoted=0 decode_ms=0.0
[tick] act=1 int=1 priming=1 ready=0 spec=0 demoted=0 decode_ms=0.0
[tick] act=1 int=1 priming=1 ready=0 spec=0 demoted=0 decode_ms=0.0
[tick] act=1 int=1 priming=1 ready=0 spec=0 demoted=0 decode_ms=0.0
[tick] act=1 int=1 priming=1 ready=0 spec=0 demoted=0 decode_ms=0.0
[tick] act=1 int=1 priming=1 ready=0 spec=0 demoted=0 decode_ms=0.0
[tick] act=1 int=1 priming=1 ready=0 spec=0 demoted=0 decode_ms=0.0
[tick] act=1 int=1 priming=1 ready=0 spec=0 demoted=0 decode_ms=0.0
[tick] act=1 int=1 priming=1 ready=0 spec=0 demoted=0 decode_ms=0.0
[tick] act=1 int=1 priming=1 ready=0 spec=0 demoted=0 decode_ms=0.0
[tick] act=1 int=1 priming=1 ready=0 spec=0 demoted=0 decode_ms=0.0
[tick] act=1 int=1 priming=1 ready=0 spec=0 demoted=0 decode_ms=0.0
[tick] act=1 int=1 priming=1 ready=0 spec=0 demoted=0 decode_ms=0.0
[tick] act=1 int=1 priming=1 ready=0 spec=0 demoted=0 decode_ms=0.0
[tick] act=1 int=1 priming=1 ready=0 spec=0 demoted=0 decode_ms=0.0
[tick] act=1 int=1 priming=1 ready=0 spec=0 demoted=0 decode_ms=0.0
[tick] act=1 int=1 priming=1 ready=0 spec=0 demoted=0 decode_ms=0.0
[tick] act=1 int=1 priming=1 ready=0 spec=0 demoted=0 decode_ms=0.0
[tick] act=1 int=1 priming=1 ready=0 spec=0 demoted=0 decode_ms=0.0
[tick] act=1 int=1 priming=1 ready=0 spec=0 demoted=0 decode_ms=0.0
[tick] act=1 int=1 priming=1 ready=0 spec=0 demoted=0 decode_ms=0.0
[tick] act=1 int=1 priming=1 ready=0 spec=0 demoted=0 decode_ms=0.0
[tick] act=1 int=1 priming=1 ready=0 spec=0 demoted=0 decode_ms=0.0
[tick] act=1 int=1 priming=1 ready=0 spec=0 demoted=0 decode_ms=0.0
[tick] act=1 int=1 priming=1 ready=0 spec=0 demoted=0 decode_ms=0.0
[tick] act=1 int=1 priming=1 ready=0 spec=0 demoted=0 decode_ms=0.0
[tick] act=1 int=1 priming=1 ready=0 spec=0 demoted=0 decode_ms=0.0
[tick] act=1 int=1 priming=1 ready=0 spec=0 demoted=0 decode_ms=0.0
[tick] act=1 int=1 priming=1 ready=0 spec=0 demoted=0 decode_ms=0.0
[tick] act=1 int=1 priming=1 ready=0 spec=0 demoted=0 decode_ms=0.0
[tick] act=1 int=1 priming=1 ready=0 spec=0 demoted=0 decode_ms=0.0
[tick] act=1 int=1 priming=1 ready=0 spec=0 demoted=0 decode_ms=0.0
[tick] act=1 int=1 priming=1 ready=0 spec=0 demoted=0 decode_ms=0.0
[tick] act=1 int=1 priming=1 ready=0 spec=0 demoted=0 decode_ms=0.0
[tick] act=1 int=1 priming=1 ready=0 spec=0 demoted=0 decode_ms=0.0
[tick] act=1 int=1 priming=1 ready=0 spec=0 demoted=0 decode_ms=0.0
[tick] act=1 int=1 priming=1 ready=0 spec=0 demoted=0 decode_ms=0.0
[tick] act=1 int=1 priming=1 ready=0 spec=0 demoted=0 decode_ms=0.0
[tick] act=1 int=1 priming=1 ready=0 spec=0 demoted=0 decode_ms=0.0
[tick] act=1 int=1 priming=1 ready=0 spec=0 demoted=0 decode_ms=0.0
[tick] act=1 int=1 priming=1 ready=0 spec=0 demoted=0 decode_ms=0.0
[tick] act=1 int=1 priming=1 ready=0 spec=0 demoted=0 decode_ms=0.0
[tick] act=1 int=1 priming=1 ready=0 spec=0 demoted=0 decode_ms=0.0
[tick] act=1 int=1 priming=1 ready=0 spec=0 demoted=0 decode_ms=0.0
[tick] act=1 int=1 priming=1 ready=0 spec=0 demoted=0 decode_ms=0.0
[tick] act=1 int=1 priming=1 ready=0 spec=0 demoted=0 decode_ms=0.0
[tick] act=1 int=1 priming=1 ready=0 spec=0 demoted=0 decode_ms=0.0
[tick] act=1 int=1 priming=1 ready=0 spec=0 demoted=0 decode_ms=0.0
[tick] act=1 int=1 priming=1 ready=0 spec=0 demoted=0 decode_ms=0.0
[tick] act=1 int=1 priming=1 ready=0 spec=0 demoted=0 decode_ms=0.0
[tick] act=1 int=1 priming=1 ready=0 spec=0 demoted=0 decode_ms=0.0
[tick] act=1 int=1 priming=1 ready=0 spec=0 demoted=0 decode_ms=0.0
[tick] act=1 int=1 priming=1 ready=0 spec=0 demoted=0 decode_ms=0.0
[tick] act=1 int=1 priming=1 ready=0 spec=0 demoted=0 decode_ms=0.0
[tick] act=1 int=1 priming=1 ready=0 spec=0 demoted=0 decode_ms=0.0
[tick] act=1 int=1 priming=1 ready=0 spec=0 demoted=0 decode_ms=0.0
[tick] act=1 int=1 priming=1 ready=0 spec=0 demoted=0 decode_ms=0.0
[tick] act=1 int=1 priming=1 ready=0 spec=0 demoted=0 decode_ms=0.0
[tick] act=1 int=1 priming=1 ready=0 spec=0 demoted=0 decode_ms=0.0
[tick] act=1 int=1 priming=1 ready=0 spec=0 demoted=0 decode_ms=0.0
[tick] act=1 int=1 priming=1 ready=0 spec=0 demoted=0 decode_ms=0.0
[tick] act=1 int=1 priming=1 ready=0 spec=0 demoted=0 decode_ms=0.0
[tick] act=1 int=1 priming=1 ready=0 spec=0 demoted=0 decode_ms=0.0
[tick] act=1 int=1 priming=1 ready=0 spec=0 demoted=0 decode_ms=0.0
[tick] act=1 int=1 priming=1 ready=0 spec=0 demoted=0 decode_ms=0.0
[tick] act=1 int=1 priming=1 ready=0 spec=0 demoted=0 decode_ms=0.0
[tick] act=1 int=1 priming=1 ready=0 spec=0 demoted=0 decode_ms=0.0
[tick] act=1 int=1 priming=1 ready=0 spec=0 demoted=0 decode_ms=0.0
[tick] act=1 int=1 priming=1 ready=0 spec=0 demoted=0 decode_ms=0.0
[tick] act=1 int=1 priming=1 ready=0 spec=0 demoted=0 decode_ms=0.0
[tick] act=1 int=1 priming=1 ready=0 spec=0 demoted=0 decode_ms=0.0
[tick] act=1 int=1 priming=1 ready=0 spec=0 demoted=0 decode_ms=0.0
[tick] act=1 int=1 priming=1 ready=0 spec=0 demoted=0 decode_ms=0.0
[tick] act=1 int=1 priming=1 ready=0 spec=0 demoted=0 decode_ms=0.0
[tick] act=1 int=1 priming=1 ready=0 spec=0 demoted=0 decode_ms=0.0
[tick] act=1 int=1 priming=1 ready=0 spec=0 demoted=0 decode_ms=0.0
[tick] act=1 int=1 priming=1 ready=0 spec=0 demoted=0 decode_ms=0.0
[tick] act=1 int=1 priming=1 ready=0 spec=0 demoted=0 decode_ms=0.0
[tick] act=1 int=1 priming=1 ready=0 spec=0 demoted=0 decode_ms=0.0
[tick] act=1 int=1 priming=1 ready=0 spec=0 demoted=0 decode_ms=0.0
[tick] act=1 int=1 priming=1 ready=0 spec=0 demoted=0 decode_ms=0.0
[tick] act=1 int=1 priming=1 ready=0 spec=0 demoted=0 decode_ms=0.0
[tick] act=1 int=1 priming=1 ready=0 spec=0 demoted=0 decode_ms=0.0
[tick] act=1 int=1 priming=1 ready=0 spec=0 demoted=0 decode_ms=0.0
[tick] act=1 int=1 priming=1 ready=0 spec=0 demoted=0 decode_ms=0.0
[tick] act=1 int=1 priming=1 ready=0 spec=0 demoted=0 decode_ms=0.0
[tick] act=1 int=1 priming=1 ready=0 spec=0 demoted=0 decode_ms=0.0
[tick] act=1 int=1 priming=1 ready=0 spec=0 demoted=0 decode_ms=0.0
[tick] act=1 int=1 priming=1 ready=0 spec=0 demoted=0 decode_ms=0.0
[tick] act=1 int=1 priming=1 ready=0 spec=0 demoted=0 decode_ms=0.0
[tick] act=1 int=1 priming=1 ready=0 spec=0 demoted=0 decode_ms=0.0
[tick] act=1 int=1 priming=1 ready=0 spec=0 demoted=0 decode_ms=0.0
[tick] act=1 int=1 priming=1 ready=0 spec=0 demoted=0 decode_ms=0.0
[tick] act=1 int=1 priming=1 ready=0 spec=0 demoted=0 decode_ms=0.0
[tick] act=1 int=1 priming=1 ready=0 spec=0 demoted=0 decode_ms=0.0
[tick] act=1 int=1 priming=1 ready=0 spec=0 demoted=0 decode_ms=0.0
[tick] act=1 int=1 priming=1 ready=0 spec=0 demoted=0 decode_ms=0.0
[tick] act=1 int=1 priming=1 ready=0 spec=0 demoted=0 decode_ms=0.0
[tick] act=1 int=1 priming=1 ready=0 spec=0 demoted=0 decode_ms=0.0
[tick] act=1 int=1 priming=1 ready=0 spec=0 demoted=0 decode_ms=0.0
[tick] act=1 int=1 priming=1 ready=0 spec=0 demoted=0 decode_ms=0.0
[tick] act=1 int=1 priming=1 ready=0 spec=0 demoted=0 decode_ms=0.0
[tick] act=1 int=1 priming=1 ready=0 spec=0 demoted=0 decode_ms=0.0
[tick] act=1 int=1 priming=1 ready=0 spec=0 demoted=0 decode_ms=0.0
[tick] act=1 int=1 priming=1 ready=0 spec=0 demoted=0 decode_ms=0.0
[tick] act=1 int=1 priming=1 ready=0 spec=0 demoted=0 decode_ms=0.0
[tick] act=1 int=1 priming=1 ready=0 spec=0 demoted=0 decode_ms=0.0
[tick] act=1 int=1 priming=1 ready=0 spec=0 demoted=0 decode_ms=0.0
[tick] act=1 int=1 priming=1 ready=0 spec=0 demoted=0 decode_ms=0.0
[tick] act=1 int=1 priming=1 ready=0 spec=0 demoted=0 decode_ms=0.0
[tick] act=1 int=1 priming=1 ready=0 spec=0 demoted=0 decode_ms=0.0
[tick] act=1 int=1 priming=1 ready=0 spec=0 demoted=0 decode_ms=0.0
[tick] act=1 int=1 priming=1 ready=0 spec=0 demoted=0 decode_ms=0.0
[tick] act=1 int=1 priming=1 ready=0 spec=0 demoted=0 decode_ms=0.0
[tick] act=1 int=1 priming=1 ready=0 spec=0 demoted=0 decode_ms=0.0
[tick] act=1 int=1 priming=1 ready=0 spec=0 demoted=0 decode_ms=0.0
[tick] act=1 int=1 priming=1 ready=0 spec=0 demoted=0 decode_ms=0.0
[tick] act=1 int=1 priming=1 ready=0 spec=0 demoted=0 decode_ms=0.0
[tick] act=1 int=1 priming=1 ready=0 spec=0 demoted=0 decode_ms=0.0
[tick] act=1 int=1 priming=1 ready=0 spec=0 demoted=0 decode_ms=0.0
[tick] act=1 int=1 priming=1 ready=0 spec=0 demoted=0 decode_ms=0.0
[tick] act=1 int=1 priming=1 ready=0 spec=0 demoted=0 decode_ms=0.0
[tick] act=1 int=1 priming=1 ready=0 spec=0 demoted=0 decode_ms=0.0
[tick] act=1 int=1 priming=1 ready=0 spec=0 demoted=0 decode_ms=0.0
[tick] act=1 int=1 priming=1 ready=0 spec=0 demoted=0 decode_ms=0.0
[tick] act=1 int=1 priming=1 ready=0 spec=0 demoted=0 decode_ms=0.0
[tick] act=1 int=1 priming=1 ready=0 spec=0 demoted=0 decode_ms=0.0
[tick] act=1 int=1 priming=1 ready=0 spec=0 demoted=0 decode_ms=0.0
[tick] act=1 int=1 priming=1 ready=0 spec=0 demoted=0 decode_ms=0.0
[tick] act=1 int=1 priming=1 ready=0 spec=0 demoted=0 decode_ms=0.0
[tick] act=1 int=1 priming=1 ready=0 spec=0 demoted=0 decode_ms=0.0
[tick] act=1 int=1 priming=1 ready=0 spec=0 demoted=0 decode_ms=0.0
[tick] act=1 int=1 priming=1 ready=0 spec=0 demoted=0 decode_ms=0.0
[tick] act=1 int=1 priming=1 ready=0 spec=0 demoted=0 decode_ms=0.0
[tick] act=1 int=1 priming=1 ready=0 spec=0 demoted=0 decode_ms=0.0
[tick] act=1 int=1 priming=1 ready=0 spec=0 demoted=0 decode_ms=0.0
[tick] act=1 int=1 priming=1 ready=0 spec=0 demoted=0 decode_ms=0.0
[tick] act=1 int=1 priming=1 ready=0 spec=0 demoted=0 decode_ms=0.0
[tick] act=1 int=1 priming=1 ready=0 spec=0 demoted=0 decode_ms=0.0
[tick] act=1 int=1 priming=1 ready=0 spec=0 demoted=0 decode_ms=0.0
[tick] act=1 int=1 priming=1 ready=0 spec=0 demoted=0 decode_ms=0.0
[tick] act=1 int=1 priming=1 ready=0 spec=0 demoted=0 decode_ms=0.0
[tick] act=1 int=1 priming=1 ready=0 spec=0 demoted=0 decode_ms=0.0
[tick] act=1 int=1 priming=1 ready=0 spec=0 demoted=0 decode_ms=0.0
[tick] act=1 int=1 priming=1 ready=0 spec=0 demoted=0 decode_ms=0.0
[tick] act=1 int=1 priming=1 ready=0 spec=0 demoted=0 decode_ms=0.0
[tick] act=1 int=1 priming=1 ready=0 spec=0 demoted=0 decode_ms=0.0
[tick] act=1 int=1 priming=1 ready=0 spec=0 demoted=0 decode_ms=0.0
[tick] act=1 int=1 priming=1 ready=0 spec=0 demoted=0 decode_ms=0.0
[tick] act=1 int=1 priming=1 ready=0 spec=0 demoted=0 decode_ms=0.0
[tick] act=1 int=1 priming=1 ready=0 spec=0 demoted=0 decode_ms=0.0
[tick] act=1 int=1 priming=1 ready=0 spec=0 demoted=0 decode_ms=0.0
[tick] act=1 int=1 priming=1 ready=0 spec=0 demoted=0 decode_ms=0.0
[tick] act=1 int=1 priming=1 ready=0 spec=0 demoted=0 decode_ms=0.0
[tick] act=1 int=1 priming=1 ready=0 spec=0 demoted=0 decode_ms=0.0
[tick] act=1 int=1 priming=1 ready=0 spec=0 demoted=0 decode_ms=0.0
[tick] act=1 int=1 priming=1 ready=0 spec=0 demoted=0 decode_ms=0.0
[tick] act=1 int=1 priming=1 ready=0 spec=0 demoted=0 decode_ms=0.0
[tick] act=1 int=1 priming=1 ready=0 spec=0 demoted=0 decode_ms=0.0
[tick] act=1 int=1 priming=1 ready=0 spec=0 demoted=0 decode_ms=0.0
[tick] act=1 int=1 priming=1 ready=0 spec=0 demoted=0 decode_ms=0.0
[tick] act=1 int=1 priming=1 ready=0 spec=0 demoted=0 decode_ms=0.0
[tick] act=1 int=1 priming=1 ready=0 spec=0 demoted=0 decode_ms=0.0
[tick] act=1 int=1 priming=1 ready=0 spec=0 demoted=0 decode_ms=0.0
[tick] act=1 int=1 priming=1 ready=0 spec=0 demoted=0 decode_ms=0.0
[tick] act=1 int=1 priming=1 ready=0 spec=0 demoted=0 decode_ms=0.0
[tick] act=1 int=1 priming=1 ready=0 spec=0 demoted=0 decode_ms=0.0
[tick] act=1 int=1 priming=1 ready=0 spec=0 demoted=0 decode_ms=0.0
[tick] act=1 int=1 priming=1 ready=0 spec=0 demoted=0 decode_ms=0.0
[tick] act=1 int=1 priming=1 ready=0 spec=0 demoted=0 decode_ms=0.0
[tick] act=1 int=1 priming=1 ready=0 spec=0 demoted=0 decode_ms=0.0
[tick] act=1 int=1 priming=1 ready=0 spec=0 demoted=0 decode_ms=0.0
[tick] act=1 int=1 priming=1 ready=0 spec=0 demoted=0 decode_ms=0.0
[tick] act=1 int=1 priming=1 ready=0 spec=0 demoted=0 decode_ms=0.0
[tick] act=1 int=1 priming=1 ready=0 spec=0 demoted=0 decode_ms=0.0
[tick] act=1 int=1 priming=1 ready=0 spec=0 demoted=0 decode_ms=0.0
[tick] act=1 int=1 priming=1 ready=0 spec=0 demoted=0 decode_ms=0.0
[tick] act=1 int=1 priming=1 ready=0 spec=0 demoted=0 decode_ms=0.0
[tick] act=1 int=1 priming=1 ready=0 spec=0 demoted=0 decode_ms=0.0
[tick] act=1 int=1 priming=1 ready=0 spec=0 demoted=0 decode_ms=0.0
[tick] act=1 int=1 priming=1 ready=0 spec=0 demoted=0 decode_ms=0.0
[tick] act=1 int=1 priming=1 ready=0 spec=0 demoted=0 decode_ms=0.0
[tick] act=1 int=1 priming=1 ready=0 spec=0 demoted=0 decode_ms=0.0
[tick] act=1 int=1 priming=1 ready=0 spec=0 demoted=0 decode_ms=0.0
[tick] act=1 int=1 priming=1 ready=0 spec=0 demoted=0 decode_ms=0.0
[tick] act=1 int=1 priming=1 ready=0 spec=0 demoted=0 decode_ms=0.0
[tick] act=1 int=1 priming=1 ready=0 spec=0 demoted=0 decode_ms=0.0
[tick] act=1 int=1 priming=1 ready=0 spec=0 demoted=0 decode_ms=0.0
[tick] act=1 int=1 priming=1 ready=0 spec=0 demoted=0 decode_ms=0.0
[tick] act=1 int=1 priming=1 ready=0 spec=0 demoted=0 decode_ms=0.0
[tick] act=1 int=1 priming=1 ready=0 spec=0 demoted=0 decode_ms=0.0
[tick] act=1 int=1 priming=1 ready=0 spec=0 demoted=0 decode_ms=0.0
[tick] act=1 int=1 priming=1 ready=0 spec=0 demoted=0 decode_ms=0.0
[tick] act=1 int=1 priming=1 ready=0 spec=0 demoted=0 decode_ms=0.0
[tick] act=1 int=1 priming=1 ready=0 spec=0 demoted=0 decode_ms=0.0
[tick] act=1 int=1 priming=1 ready=0 spec=0 demoted=0 decode_ms=0.0
[tick] act=1 int=1 priming=1 ready=0 spec=0 demoted=0 decode_ms=0.0
[tick] act=1 int=1 priming=1 ready=0 spec=0 demoted=0 decode_ms=0.0
[tick] act=1 int=1 priming=1 ready=0 spec=0 demoted=0 decode_ms=0.0
[tick] act=1 int=1 priming=1 ready=0 spec=0 demoted=0 decode_ms=0.0
[tick] act=1 int=1 priming=1 ready=0 spec=0 demoted=0 decode_ms=0.0
[tick] act=1 int=1 priming=1 ready=0 spec=0 demoted=0 decode_ms=0.0
[tick] act=1 int=1 priming=1 ready=0 spec=0 demoted=0 decode_ms=0.0
[tick] act=1 int=1 priming=1 ready=0 spec=0 demoted=0 decode_ms=0.0
[tick] act=1 int=1 priming=1 ready=0 spec=0 demoted=0 decode_ms=0.0
[tick] act=1 int=1 priming=1 ready=0 spec=0 demoted=0 decode_ms=0.0
[tick] act=1 int=1 priming=1 ready=0 spec=0 demoted=0 decode_ms=0.0
[tick] act=1 int=1 priming=1 ready=0 spec=0 demoted=0 decode_ms=0.0
[tick] act=1 int=1 priming=1 ready=0 spec=0 demoted=0 decode_ms=0.0
[tick] act=1 int=1 priming=1 ready=0 spec=0 demoted=0 decode_ms=0.0
[tick] act=1 int=1 priming=1 ready=0 spec=0 demoted=0 decode_ms=0.0
[tick] act=1 int=1 priming=1 ready=0 spec=0 demoted=0 decode_ms=0.0
[tick] act=1 int=1 priming=1 ready=0 spec=0 demoted=0 decode_ms=0.0
[tick] act=1 int=1 priming=1 ready=0 spec=0 demoted=0 decode_ms=0.0
[tick] act=1 int=1 priming=1 ready=0 spec=0 demoted=0 decode_ms=0.0
[tick] act=1 int=1 priming=1 ready=0 spec=0 demoted=0 decode_ms=0.0
[tick] act=1 int=1 priming=1 ready=0 spec=0 demoted=0 decode_ms=0.0
[tick] act=1 int=1 priming=1 ready=0 spec=0 demoted=0 decode_ms=0.0
[tick] act=1 int=1 priming=1 ready=0 spec=0 demoted=0 decode_ms=0.0
[tick] act=1 int=1 priming=1 ready=0 spec=0 demoted=0 decode_ms=0.0
[tick] act=1 int=1 priming=1 ready=0 spec=0 demoted=0 decode_ms=0.0
[tick] act=1 int=1 priming=1 ready=0 spec=0 demoted=0 decode_ms=0.0
[tick] act=1 int=1 priming=1 ready=0 spec=0 demoted=0 decode_ms=0.0
[tick] act=1 int=1 priming=1 ready=0 spec=0 demoted=0 decode_ms=0.0
[tick] act=1 int=1 priming=1 ready=0 spec=0 demoted=0 decode_ms=0.0
[tick] act=1 int=1 priming=1 ready=0 spec=0 demoted=0 decode_ms=0.0
[tick] act=1 int=1 priming=1 ready=0 spec=0 demoted=0 decode_ms=0.0
[tick] act=1 int=1 priming=1 ready=0 spec=0 demoted=0 decode_ms=0.0
[tick] act=1 int=1 priming=1 ready=0 spec=0 demoted=0 decode_ms=0.0
[tick] act=1 int=1 priming=1 ready=0 spec=0 demoted=0 decode_ms=0.0
[tick] act=1 int=1 priming=1 ready=0 spec=0 demoted=0 decode_ms=0.0
[tick] act=1 int=1 priming=1 ready=0 spec=0 demoted=0 decode_ms=0.0
[tick] act=1 int=1 priming=1 ready=0 spec=0 demoted=0 decode_ms=0.0
[tick] act=1 int=1 priming=1 ready=0 spec=0 demoted=0 decode_ms=0.0
[tick] act=1 int=1 priming=1 ready=0 spec=0 demoted=0 decode_ms=0.0
[tick] act=1 int=1 priming=1 ready=0 spec=0 demoted=0 decode_ms=0.0
[tick] act=1 int=1 priming=1 ready=0 spec=0 demoted=0 decode_ms=0.0
[tick] act=1 int=1 priming=1 ready=0 spec=0 demoted=0 decode_ms=0.0
[tick] act=1 int=1 priming=1 ready=0 spec=0 demoted=0 decode_ms=0.0
[tick] act=1 int=1 priming=1 ready=0 spec=0 demoted=0 decode_ms=0.0
[tick] act=1 int=1 priming=1 ready=0 spec=0 demoted=0 decode_ms=0.0
[tick] act=1 int=1 priming=1 ready=0 spec=0 demoted=0 decode_ms=0.0
[tick] act=1 int=1 priming=1 ready=0 spec=0 demoted=0 decode_ms=0.0
[tick] act=1 int=1 priming=1 ready=0 spec=0 demoted=0 decode_ms=0.0
[tick] act=1 int=1 priming=1 ready=0 spec=0 demoted=0 decode_ms=0.0
[tick] act=1 int=1 priming=1 ready=0 spec=0 demoted=0 decode_ms=0.0
[tick] act=1 int=1 priming=1 ready=0 spec=0 demoted=0 decode_ms=0.0
[tick] act=1 int=1 priming=1 ready=0 spec=0 demoted=0 decode_ms=0.0
[tick] act=1 int=1 priming=1 ready=0 spec=0 demoted=0 decode_ms=0.0
[tick] act=1 int=1 priming=1 ready=0 spec=0 demoted=0 decode_ms=0.0
[tick] act=1 int=1 priming=1 ready=0 spec=0 demoted=0 decode_ms=0.0
[tick] act=1 int=1 priming=1 ready=0 spec=0 demoted=0 decode_ms=0.0
[tick] act=1 int=1 priming=1 ready=0 spec=0 demoted=0 decode_ms=0.0
[tick] act=1 int=1 priming=1 ready=0 spec=0 demoted=0 decode_ms=0.0
[tick] act=1 int=1 priming=1 ready=0 spec=0 demoted=0 decode_ms=0.0
[tick] act=1 int=1 priming=1 ready=0 spec=0 demoted=0 decode_ms=0.0
[tick] act=1 int=1 priming=1 ready=0 spec=0 demoted=0 decode_ms=0.0
[tick] act=1 int=1 priming=1 ready=0 spec=0 demoted=0 decode_ms=0.0
[tick] act=1 int=1 priming=1 ready=0 spec=0 demoted=0 decode_ms=0.0
[tick] act=1 int=1 priming=1 ready=0 spec=0 demoted=0 decode_ms=0.0
[tick] act=1 int=1 priming=1 ready=0 spec=0 demoted=0 decode_ms=0.0
[tick] act=1 int=1 priming=1 ready=0 spec=0 demoted=0 decode_ms=0.0
[tick] act=1 int=1 priming=1 ready=0 spec=0 demoted=0 decode_ms=0.0
[tick] act=1 int=1 priming=1 ready=0 spec=0 demoted=0 decode_ms=0.0
[tick] act=1 int=1 priming=1 ready=0 spec=0 demoted=0 decode_ms=0.0
[tick] act=1 int=1 priming=1 ready=0 spec=0 demoted=0 decode_ms=0.0
[tick] act=1 int=1 priming=1 ready=0 spec=0 demoted=0 decode_ms=0.0
[tick] act=1 int=1 priming=1 ready=0 spec=0 demoted=0 decode_ms=0.0
[tick] act=1 int=1 priming=1 ready=0 spec=0 demoted=0 decode_ms=0.0
[tick] act=1 int=1 priming=1 ready=0 spec=0 demoted=0 decode_ms=0.0
[tick] act=1 int=1 priming=1 ready=0 spec=0 demoted=0 decode_ms=0.0
[tick] act=1 int=1 priming=1 ready=0 spec=0 demoted=0 decode_ms=0.0
[tick] act=1 int=1 priming=1 ready=0 spec=0 demoted=0 decode_ms=0.0
[tick] act=1 int=1 priming=1 ready=0 spec=0 demoted=0 decode_ms=0.0
[tick] act=1 int=1 priming=1 ready=0 spec=0 demoted=0 decode_ms=0.0
[tick] act=1 int=1 priming=1 ready=0 spec=0 demoted=0 decode_ms=0.0
[tick] act=1 int=1 priming=1 ready=0 spec=0 demoted=0 decode_ms=0.0
[tick] act=1 int=1 priming=1 ready=0 spec=0 demoted=0 decode_ms=0.0
[tick] act=1 int=1 priming=1 ready=0 spec=0 demoted=0 decode_ms=0.0
[tick] act=1 int=1 priming=1 ready=0 spec=0 demoted=0 decode_ms=0.0
[tick] act=1 int=1 priming=1 ready=0 spec=0 demoted=0 decode_ms=0.0
[tick] act=1 int=1 priming=1 ready=0 spec=0 demoted=0 decode_ms=0.0
[tick] act=1 int=1 priming=1 ready=0 spec=0 demoted=0 decode_ms=0.0
[tick] act=1 int=1 priming=1 ready=0 spec=0 demoted=0 decode_ms=0.0
[tick] act=1 int=1 priming=1 ready=0 spec=0 demoted=0 decode_ms=0.0
[tick] act=1 int=1 priming=1 ready=0 spec=0 demoted=0 decode_ms=0.0
[tick] act=1 int=1 priming=1 ready=0 spec=0 demoted=0 decode_ms=0.0
[tick] act=1 int=1 priming=1 ready=0 spec=0 demoted=0 decode_ms=0.0
[tick] act=1 int=1 priming=1 ready=0 spec=0 demoted=0 decode_ms=0.0
[tick] act=1 int=1 priming=1 ready=0 spec=0 demoted=0 decode_ms=0.0
[tick] act=1 int=1 priming=1 ready=0 spec=0 demoted=0 decode_ms=0.0
[tick] act=1 int=1 priming=1 ready=0 spec=0 demoted=0 decode_ms=0.0
[tick] act=1 int=1 priming=1 ready=0 spec=0 demoted=0 decode_ms=0.0
[tick] act=1 int=1 priming=1 ready=0 spec=0 demoted=0 decode_ms=0.0
[tick] act=1 int=1 priming=1 ready=0 spec=0 demoted=0 decode_ms=0.0
[tick] act=1 int=1 priming=1 ready=0 spec=0 demoted=0 decode_ms=0.0
[tick] act=1 int=1 priming=1 ready=0 spec=0 demoted=0 decode_ms=0.0
[tick] act=1 int=1 priming=1 ready=0 spec=0 demoted=0 decode_ms=0.0
[tick] act=1 int=1 priming=1 ready=0 spec=0 demoted=0 decode_ms=0.0
[tick] act=1 int=1 priming=1 ready=0 spec=0 demoted=0 decode_ms=0.0
[tick] act=1 int=1 priming=1 ready=0 spec=0 demoted=0 decode_ms=0.0
[tick] act=1 int=1 priming=1 ready=0 spec=0 demoted=0 decode_ms=0.0
[tick] act=1 int=1 priming=1 ready=0 spec=0 demoted=0 decode_ms=0.0
[tick] act=1 int=1 priming=1 ready=0 spec=0 demoted=0 decode_ms=0.0
[tick] act=1 int=1 priming=1 ready=0 spec=0 demoted=0 decode_ms=0.0
[tick] act=1 int=1 priming=1 ready=0 spec=0 demoted=0 decode_ms=0.0
[tick] act=1 int=1 priming=1 ready=0 spec=0 demoted=0 decode_ms=0.0
[tick] act=1 int=1 priming=1 ready=0 spec=0 demoted=0 decode_ms=0.0
[tick] act=1 int=1 priming=1 ready=0 spec=0 demoted=0 decode_ms=0.0
[tick] act=1 int=1 priming=1 ready=0 spec=0 demoted=0 decode_ms=0.0
[tick] act=1 int=1 priming=1 ready=0 spec=0 demoted=0 decode_ms=0.0
[tick] act=1 int=1 priming=1 ready=0 spec=0 demoted=0 decode_ms=0.0
[tick] act=1 int=1 priming=1 ready=0 spec=0 demoted=0 decode_ms=0.0
[tick] act=1 int=1 priming=1 ready=0 spec=0 demoted=0 decode_ms=0.0
[tick] act=1 int=1 priming=1 ready=0 spec=0 demoted=0 decode_ms=0.0
[tick] act=1 int=1 priming=1 ready=0 spec=0 demoted=0 decode_ms=0.0
[tick] act=1 int=1 priming=1 ready=0 spec=0 demoted=0 decode_ms=0.0
[tick] act=1 int=1 priming=1 ready=0 spec=0 demoted=0 decode_ms=0.0
[tick] act=1 int=1 priming=1 ready=0 spec=0 demoted=0 decode_ms=0.0
[tick] act=1 int=1 priming=1 ready=0 spec=0 demoted=0 decode_ms=0.0
[tick] act=1 int=1 priming=1 ready=0 spec=0 demoted=0 decode_ms=0.0
[tick] act=1 int=1 priming=1 ready=0 spec=0 demoted=0 decode_ms=0.0
[tick] act=1 int=1 priming=1 ready=0 spec=0 demoted=0 decode_ms=0.0
[tick] act=1 int=1 priming=1 ready=0 spec=0 demoted=0 decode_ms=0.0
[tick] act=1 int=1 priming=1 ready=0 spec=0 demoted=0 decode_ms=0.0
[tick] act=1 int=1 priming=1 ready=0 spec=0 demoted=0 decode_ms=0.0
[tick] act=1 int=1 priming=1 ready=0 spec=0 demoted=0 decode_ms=0.0
[tick] act=1 int=1 priming=1 ready=0 spec=0 demoted=0 decode_ms=0.0
[tick] act=1 int=1 priming=1 ready=0 spec=0 demoted=0 decode_ms=0.0
[tick] act=1 int=1 priming=1 ready=0 spec=0 demoted=0 decode_ms=0.0
[tick] act=1 int=1 priming=1 ready=0 spec=0 demoted=0 decode_ms=0.0
[tick] act=1 int=1 priming=1 ready=0 spec=0 demoted=0 decode_ms=0.0
[tick] act=1 int=1 priming=1 ready=0 spec=0 demoted=0 decode_ms=0.0
[tick] act=1 int=1 priming=1 ready=0 spec=0 demoted=0 decode_ms=0.0
[tick] act=1 int=1 priming=1 ready=0 spec=0 demoted=0 decode_ms=0.0
[tick] act=1 int=1 priming=1 ready=0 spec=0 demoted=0 decode_ms=0.0
[tick] act=1 int=1 priming=1 ready=0 spec=0 demoted=0 decode_ms=0.0
[tick] act=1 int=1 priming=1 ready=0 spec=0 demoted=0 decode_ms=0.0
[tick] act=1 int=1 priming=1 ready=0 spec=0 demoted=0 decode_ms=0.0
[tick] act=1 int=1 priming=1 ready=0 spec=0 demoted=0 decode_ms=0.0
[tick] act=1 int=1 priming=1 ready=0 spec=0 demoted=0 decode_ms=0.0
[tick] act=1 int=1 priming=1 ready=0 spec=0 demoted=0 decode_ms=0.0
[tick] act=1 int=1 priming=1 ready=0 spec=0 demoted=0 decode_ms=0.0
[tick] act=1 int=1 priming=1 ready=0 spec=0 demoted=0 decode_ms=0.0
[tick] act=1 int=1 priming=1 ready=0 spec=0 demoted=0 decode_ms=0.0
[tick] act=1 int=1 priming=1 ready=0 spec=0 demoted=0 decode_ms=0.0
[tick] act=1 int=1 priming=1 ready=0 spec=0 demoted=0 decode_ms=0.0
[tick] act=1 int=1 priming=1 ready=0 spec=0 demoted=0 decode_ms=0.0
[tick] act=1 int=1 priming=1 ready=0 spec=0 demoted=0 decode_ms=0.0
[tick] act=1 int=1 priming=1 ready=0 spec=0 demoted=0 decode_ms=0.0
[tick] act=1 int=1 priming=1 ready=0 spec=0 demoted=0 decode_ms=0.0
[tick] act=1 int=1 priming=1 ready=0 spec=0 demoted=0 decode_ms=0.0
[tick] act=1 int=1 priming=1 ready=0 spec=0 demoted=0 decode_ms=0.0
[tick] act=1 int=1 priming=1 ready=0 spec=0 demoted=0 decode_ms=0.0
[tick] act=1 int=1 priming=1 ready=0 spec=0 demoted=0 decode_ms=0.0
[tick] act=1 int=1 priming=1 ready=0 spec=0 demoted=0 decode_ms=0.0
[tick] act=1 int=1 priming=1 ready=0 spec=0 demoted=0 decode_ms=0.0
[tick] act=1 int=1 priming=1 ready=0 spec=0 demoted=0 decode_ms=0.0
[tick] act=1 int=1 priming=1 ready=0 spec=0 demoted=0 decode_ms=0.0
[tick] act=1 int=1 priming=1 ready=0 spec=0 demoted=0 decode_ms=0.0
[tick] act=1 int=1 priming=1 ready=0 spec=0 demoted=0 decode_ms=0.0
[tick] act=1 int=1 priming=1 ready=0 spec=0 demoted=0 decode_ms=0.0
[tick] act=1 int=1 priming=1 ready=0 spec=0 demoted=0 decode_ms=0.0
[tick] act=1 int=1 priming=1 ready=0 spec=0 demoted=0 decode_ms=0.0
[tick] act=1 int=1 priming=1 ready=0 spec=0 demoted=0 decode_ms=0.0
[tick] act=1 int=1 priming=1 ready=0 spec=0 demoted=0 decode_ms=0.0
[tick] act=1 int=1 priming=1 ready=0 spec=0 demoted=0 decode_ms=0.0
[tick] act=1 int=1 priming=1 ready=0 spec=0 demoted=0 decode_ms=0.0
[tick] act=1 int=1 priming=1 ready=0 spec=0 demoted=0 decode_ms=0.0
[tick] act=1 int=1 priming=1 ready=0 spec=0 demoted=0 decode_ms=0.0
[tick] act=1 int=1 priming=1 ready=0 spec=0 demoted=0 decode_ms=0.0
[tick] act=1 int=1 priming=1 ready=0 spec=0 demoted=0 decode_ms=0.0
[tick] act=1 int=1 priming=1 ready=0 spec=0 demoted=0 decode_ms=0.0
[tick] act=1 int=1 priming=1 ready=0 spec=0 demoted=0 decode_ms=0.0
[tick] act=1 int=1 priming=1 ready=0 spec=0 demoted=0 decode_ms=0.0
[tick] act=1 int=1 priming=1 ready=0 spec=0 demoted=0 decode_ms=0.0
[tick] act=1 int=1 priming=1 ready=0 spec=0 demoted=0 decode_ms=0.0
[tick] act=1 int=1 priming=1 ready=0 spec=0 demoted=0 decode_ms=0.0
[tick] act=1 int=1 priming=1 ready=0 spec=0 demoted=0 decode_ms=0.0
[tick] act=1 int=1 priming=1 ready=0 spec=0 demoted=0 decode_ms=0.0
[tick] act=1 int=1 priming=1 ready=0 spec=0 demoted=0 decode_ms=0.0
[tick] act=1 int=1 priming=1 ready=0 spec=0 demoted=0 decode_ms=0.0
[tick] act=1 int=1 priming=1 ready=0 spec=0 demoted=0 decode_ms=0.0
[tick] act=1 int=1 priming=1 ready=0 spec=0 demoted=0 decode_ms=0.0
[tick] act=1 int=1 priming=1 ready=0 spec=0 demoted=0 decode_ms=0.0
[tick] act=1 int=1 priming=1 ready=0 spec=0 demoted=0 decode_ms=0.0
[tick] act=1 int=1 priming=1 ready=0 spec=0 demoted=0 decode_ms=0.0
[tick] act=1 int=1 priming=1 ready=0 spec=0 demoted=0 decode_ms=0.0
[tick] act=1 int=1 priming=1 ready=0 spec=0 demoted=0 decode_ms=0.0
[tick] act=1 int=1 priming=1 ready=0 spec=0 demoted=0 decode_ms=0.0
[tick] act=1 int=1 priming=1 ready=0 spec=0 demoted=0 decode_ms=0.0
[tick] act=1 int=1 priming=1 ready=0 spec=0 demoted=0 decode_ms=0.0
[tick] act=1 int=1 priming=1 ready=0 spec=0 demoted=0 decode_ms=0.0
[tick] act=1 int=1 priming=1 ready=0 spec=0 demoted=0 decode_ms=0.0
[tick] act=1 int=1 priming=1 ready=0 spec=0 demoted=0 decode_ms=0.0
[tick] act=1 int=1 priming=1 ready=0 spec=0 demoted=0 decode_ms=0.0
[tick] act=1 int=1 priming=1 ready=0 spec=0 demoted=0 decode_ms=0.0
[tick] act=1 int=1 priming=1 ready=0 spec=0 demoted=0 decode_ms=0.0
[tick] act=1 int=1 priming=1 ready=0 spec=0 demoted=0 decode_ms=0.0
[tick] act=1 int=1 priming=1 ready=0 spec=0 demoted=0 decode_ms=0.0
[tick] act=1 int=1 priming=1 ready=0 spec=0 demoted=0 decode_ms=0.0
[tick] act=1 int=1 priming=1 ready=0 spec=0 demoted=0 decode_ms=0.0
[tick] act=1 int=1 priming=1 ready=0 spec=0 demoted=0 decode_ms=0.0
[tick] act=1 int=1 priming=1 ready=0 spec=0 demoted=0 decode_ms=0.0
[tick] act=1 int=1 priming=1 ready=0 spec=0 demoted=0 decode_ms=0.0
[tick] act=1 int=1 priming=1 ready=0 spec=0 demoted=0 decode_ms=0.0
[tick] act=1 int=1 priming=1 ready=0 spec=0 demoted=0 decode_ms=0.0
[tick] act=1 int=1 priming=1 ready=0 spec=0 demoted=0 decode_ms=0.0
[tick] act=1 int=1 priming=1 ready=0 spec=0 demoted=0 decode_ms=0.0
[tick] act=1 int=1 priming=1 ready=0 spec=0 demoted=0 decode_ms=0.0
[tick] act=1 int=1 priming=1 ready=0 spec=0 demoted=0 decode_ms=0.0
[tick] act=1 int=1 priming=1 ready=0 spec=0 demoted=0 decode_ms=0.0
[tick] act=1 int=1 priming=1 ready=0 spec=0 demoted=0 decode_ms=0.0
[tick] act=1 int=1 priming=1 ready=0 spec=0 demoted=0 decode_ms=0.0
[tick] act=1 int=1 priming=1 ready=0 spec=0 demoted=0 decode_ms=0.0
[tick] act=1 int=1 priming=1 ready=0 spec=0 demoted=0 decode_ms=0.0
[tick] act=1 int=1 priming=1 ready=0 spec=0 demoted=0 decode_ms=0.0
[tick] act=1 int=1 priming=1 ready=0 spec=0 demoted=0 decode_ms=0.0
[tick] act=1 int=1 priming=1 ready=0 spec=0 demoted=0 decode_ms=0.0
[tick] act=1 int=1 priming=1 ready=0 spec=0 demoted=0 decode_ms=0.0
[tick] act=1 int=1 priming=1 ready=0 spec=0 demoted=0 decode_ms=0.0
[tick] act=1 int=1 priming=1 ready=0 spec=0 demoted=0 decode_ms=0.0
[tick] act=1 int=1 priming=1 ready=0 spec=0 demoted=0 decode_ms=0.0
[tick] act=1 int=1 priming=1 ready=0 spec=0 demoted=0 decode_ms=0.0
[tick] act=1 int=1 priming=1 ready=0 spec=0 demoted=0 decode_ms=0.0
[tick] act=1 int=1 priming=1 ready=0 spec=0 demoted=0 decode_ms=0.0
[tick] act=1 int=1 priming=1 ready=0 spec=0 demoted=0 decode_ms=0.0
[tick] act=1 int=1 priming=1 ready=0 spec=0 demoted=0 decode_ms=0.0
[tick] act=1 int=1 priming=1 ready=0 spec=0 demoted=0 decode_ms=0.0
[tick] act=1 int=1 priming=1 ready=0 spec=0 demoted=0 decode_ms=0.0
[tick] act=1 int=1 priming=1 ready=0 spec=0 demoted=0 decode_ms=0.0
[tick] act=1 int=1 priming=1 ready=0 spec=0 demoted=0 decode_ms=0.0
[tick] act=1 int=1 priming=1 ready=0 spec=0 demoted=0 decode_ms=0.0
[tick] act=1 int=1 priming=1 ready=0 spec=0 demoted=0 decode_ms=0.0
[tick] act=1 int=1 priming=1 ready=0 spec=0 demoted=0 decode_ms=0.0
[tick] act=1 int=1 priming=1 ready=0 spec=0 demoted=0 decode_ms=0.0
[tick] act=1 int=1 priming=1 ready=0 spec=0 demoted=0 decode_ms=0.0
[tick] act=1 int=1 priming=1 ready=0 spec=0 demoted=0 decode_ms=0.0
[tick] act=1 int=1 priming=1 ready=0 spec=0 demoted=0 decode_ms=0.0
[tick] act=1 int=1 priming=1 ready=0 spec=0 demoted=0 decode_ms=0.0
[tick] act=1 int=1 priming=1 ready=0 spec=0 demoted=0 decode_ms=0.0
[tick] act=1 int=1 priming=1 ready=0 spec=0 demoted=0 decode_ms=0.0
[tick] act=1 int=1 priming=1 ready=0 spec=0 demoted=0 decode_ms=0.0
[tick] act=1 int=1 priming=1 ready=0 spec=0 demoted=0 decode_ms=0.0
[tick] act=1 int=1 priming=1 ready=0 spec=0 demoted=0 decode_ms=0.0
[tick] act=1 int=1 priming=1 ready=0 spec=0 demoted=0 decode_ms=0.0
[tick] act=1 int=1 priming=1 ready=0 spec=0 demoted=0 decode_ms=0.0
[tick] act=1 int=1 priming=1 ready=0 spec=0 demoted=0 decode_ms=0.0
[tick] act=1 int=1 priming=1 ready=0 spec=0 demoted=0 decode_ms=0.0
[tick] act=1 int=1 priming=1 ready=0 spec=0 demoted=0 decode_ms=0.0
[tick] act=1 int=1 priming=1 ready=0 spec=0 demoted=0 decode_ms=0.0
[tick] act=1 int=1 priming=1 ready=0 spec=0 demoted=0 decode_ms=0.0
[tick] act=1 int=1 priming=1 ready=0 spec=0 demoted=0 decode_ms=0.0
[tick] act=1 int=1 priming=1 ready=0 spec=0 demoted=0 decode_ms=0.0
[tick] act=1 int=1 priming=1 ready=0 spec=0 demoted=0 decode_ms=0.0
[tick] act=1 int=1 priming=1 ready=0 spec=0 demoted=0 decode_ms=0.0
[tick] act=1 int=1 priming=1 ready=0 spec=0 demoted=0 decode_ms=0.0
[tick] act=1 int=1 priming=1 ready=0 spec=0 demoted=0 decode_ms=0.0
[tick] act=1 int=1 priming=1 ready=0 spec=0 demoted=0 decode_ms=0.0
[tick] act=1 int=1 priming=1 ready=0 spec=0 demoted=0 decode_ms=0.0
[tick] act=1 int=1 priming=1 ready=0 spec=0 demoted=0 decode_ms=0.0
[tick] act=1 int=1 priming=1 ready=0 spec=0 demoted=0 decode_ms=0.0
[tick] act=1 int=1 priming=1 ready=0 spec=0 demoted=0 decode_ms=0.0
[tick] act=1 int=1 priming=1 ready=0 spec=0 demoted=0 decode_ms=0.0
[tick] act=1 int=1 priming=1 ready=0 spec=0 demoted=0 decode_ms=0.0
[tick] act=1 int=1 priming=1 ready=0 spec=0 demoted=0 decode_ms=0.0
[tick] act=1 int=1 priming=1 ready=0 spec=0 demoted=0 decode_ms=0.0
[tick] act=1 int=1 priming=1 ready=0 spec=0 demoted=0 decode_ms=0.0
[tick] act=1 int=1 priming=1 ready=0 spec=0 demoted=0 decode_ms=0.0
[tick] act=1 int=1 priming=1 ready=0 spec=0 demoted=0 decode_ms=0.0
[tick] act=1 int=1 priming=1 ready=0 spec=0 demoted=0 decode_ms=0.0
[tick] act=1 int=1 priming=1 ready=0 spec=0 demoted=0 decode_ms=0.0
[tick] act=1 int=1 priming=1 ready=0 spec=0 demoted=0 decode_ms=0.0
[tick] act=1 int=1 priming=1 ready=0 spec=0 demoted=0 decode_ms=0.0
[tick] act=1 int=1 priming=1 ready=0 spec=0 demoted=0 decode_ms=0.0
[tick] act=1 int=1 priming=1 ready=0 spec=0 demoted=0 decode_ms=0.0
[tick] act=1 int=1 priming=1 ready=0 spec=0 demoted=0 decode_ms=0.0
[tick] act=1 int=1 priming=1 ready=0 spec=0 demoted=0 decode_ms=0.0
[tick] act=1 int=1 priming=1 ready=0 spec=0 demoted=0 decode_ms=0.0
[tick] act=1 int=1 priming=1 ready=0 spec=0 demoted=0 decode_ms=0.0
[tick] act=1 int=1 priming=1 ready=0 spec=0 demoted=0 decode_ms=0.0
[tick] act=1 int=1 priming=1 ready=0 spec=0 demoted=0 decode_ms=0.0
[tick] act=1 int=1 priming=1 ready=0 spec=0 demoted=0 decode_ms=0.0
[tick] act=1 int=1 priming=1 ready=0 spec=0 demoted=0 decode_ms=0.0
[tick] act=1 int=1 priming=1 ready=0 spec=0 demoted=0 decode_ms=0.0
[tick] act=1 int=1 priming=1 ready=0 spec=0 demoted=0 decode_ms=0.0
[tick] act=1 int=1 priming=1 ready=0 spec=0 demoted=0 decode_ms=0.0
[tick] act=1 int=1 priming=1 ready=0 spec=0 demoted=0 decode_ms=0.0
[tick] act=1 int=1 priming=1 ready=0 spec=0 demoted=0 decode_ms=0.0
[tick] act=1 int=1 priming=1 ready=0 spec=0 demoted=0 decode_ms=0.0
[tick] act=1 int=1 priming=1 ready=0 spec=0 demoted=0 decode_ms=0.0
[tick] act=1 int=1 priming=1 ready=0 spec=0 demoted=0 decode_ms=0.0
[tick] act=1 int=1 priming=1 ready=0 spec=0 demoted=0 decode_ms=0.0
[tick] act=1 int=1 priming=1 ready=0 spec=0 demoted=0 decode_ms=0.0
[tick] act=1 int=1 priming=1 ready=0 spec=0 demoted=0 decode_ms=0.0
[tick] act=1 int=1 priming=1 ready=0 spec=0 demoted=0 decode_ms=0.0
[tick] act=1 int=1 priming=1 ready=0 spec=0 demoted=0 decode_ms=0.0
[tick] act=1 int=1 priming=1 ready=0 spec=0 demoted=0 decode_ms=0.0
[tick] act=1 int=1 priming=1 ready=0 spec=0 demoted=0 decode_ms=0.0
[tick] act=1 int=1 priming=1 ready=0 spec=0 demoted=0 decode_ms=0.0
[tick] act=1 int=1 priming=1 ready=0 spec=0 demoted=0 decode_ms=0.0
[tick] act=1 int=1 priming=1 ready=0 spec=0 demoted=0 decode_ms=0.0
[tick] act=1 int=1 priming=1 ready=0 spec=0 demoted=0 decode_ms=0.0
[tick] act=1 int=1 priming=1 ready=0 spec=0 demoted=0 decode_ms=0.0
[tick] act=1 int=1 priming=1 ready=0 spec=0 demoted=0 decode_ms=0.0
[tick] act=1 int=1 priming=1 ready=0 spec=0 demoted=0 decode_ms=0.0
[tick] act=1 int=1 priming=1 ready=0 spec=0 demoted=0 decode_ms=0.0
[tick] act=1 int=1 priming=1 ready=0 spec=0 demoted=0 decode_ms=0.0
[tick] act=1 int=1 priming=1 ready=0 spec=0 demoted=0 decode_ms=0.0
[tick] act=1 int=1 priming=1 ready=0 spec=0 demoted=0 decode_ms=0.0
[tick] act=1 int=1 priming=1 ready=0 spec=0 demoted=0 decode_ms=0.0
[tick] act=1 int=1 priming=1 ready=0 spec=0 demoted=0 decode_ms=0.0
[tick] act=1 int=1 priming=1 ready=0 spec=0 demoted=0 decode_ms=0.0
[tick] act=1 int=1 priming=1 ready=0 spec=0 demoted=0 decode_ms=0.0
[tick] act=1 int=1 priming=1 ready=0 spec=0 demoted=0 decode_ms=0.0
[tick] act=1 int=1 priming=1 ready=0 spec=0 demoted=0 decode_ms=0.0
[tick] act=1 int=1 priming=1 ready=0 spec=0 demoted=0 decode_ms=0.0
[tick] act=1 int=1 priming=1 ready=0 spec=0 demoted=0 decode_ms=0.0
[tick] act=1 int=1 priming=1 ready=0 spec=0 demoted=0 decode_ms=0.0
[tick] act=1 int=1 priming=1 ready=0 spec=0 demoted=0 decode_ms=0.0
[tick] act=1 int=1 priming=1 ready=0 spec=0 demoted=0 decode_ms=0.0
[tick] act=1 int=1 priming=1 ready=0 spec=0 demoted=0 decode_ms=0.0
[tick] act=1 int=1 priming=1 ready=0 spec=0 demoted=0 decode_ms=0.0
[tick] act=1 int=1 priming=1 ready=0 spec=0 demoted=0 decode_ms=0.0
[tick] act=1 int=1 priming=1 ready=0 spec=0 demoted=0 decode_ms=0.0
[tick] act=1 int=1 priming=1 ready=0 spec=0 demoted=0 decode_ms=0.0
[tick] act=1 int=1 priming=1 ready=0 spec=0 demoted=0 decode_ms=0.0
[tick] act=1 int=1 priming=1 ready=0 spec=0 demoted=0 decode_ms=0.0
[tick] act=1 int=1 priming=1 ready=0 spec=0 demoted=0 decode_ms=0.0
[tick] act=1 int=1 priming=1 ready=0 spec=0 demoted=0 decode_ms=0.0
[tick] act=1 int=1 priming=1 ready=0 spec=0 demoted=0 decode_ms=0.0
[tick] act=1 int=1 priming=1 ready=0 spec=0 demoted=0 decode_ms=0.0
[tick] act=1 int=1 priming=1 ready=0 spec=0 demoted=0 decode_ms=0.0
[tick] act=1 int=1 priming=1 ready=0 spec=0 demoted=0 decode_ms=0.0
[tick] act=1 int=1 priming=1 ready=0 spec=0 demoted=0 decode_ms=0.0
[tick] act=1 int=1 priming=1 ready=0 spec=0 demoted=0 decode_ms=0.0
[tick] act=1 int=1 priming=1 ready=0 spec=0 demoted=0 decode_ms=0.0
[tick] act=1 int=1 priming=1 ready=0 spec=0 demoted=0 decode_ms=0.0
[tick] act=1 int=1 priming=1 ready=0 spec=0 demoted=0 decode_ms=0.0
[tick] act=1 int=1 priming=1 ready=0 spec=0 demoted=0 decode_ms=0.0
[tick] act=1 int=1 priming=1 ready=0 spec=0 demoted=0 decode_ms=0.0
[tick] act=1 int=1 priming=1 ready=0 spec=0 demoted=0 decode_ms=0.0
[tick] act=1 int=1 priming=1 ready=0 spec=0 demoted=0 decode_ms=0.0
[tick] act=1 int=1 priming=1 ready=0 spec=0 demoted=0 decode_ms=0.0
[tick] act=1 int=1 priming=1 ready=0 spec=0 demoted=0 decode_ms=0.0
[tick] act=1 int=1 priming=1 ready=0 spec=0 demoted=0 decode_ms=0.0
[tick] act=1 int=1 priming=1 ready=0 spec=0 demoted=0 decode_ms=0.0
[tick] act=1 int=1 priming=1 ready=0 spec=0 demoted=0 decode_ms=0.0
[tick] act=1 int=1 priming=1 ready=0 spec=0 demoted=0 decode_ms=0.0
[tick] act=1 int=1 priming=1 ready=0 spec=0 demoted=0 decode_ms=0.0
[tick] act=1 int=1 priming=1 ready=0 spec=0 demoted=0 decode_ms=0.0
[tick] act=1 int=1 priming=1 ready=0 spec=0 demoted=0 decode_ms=0.0
[tick] act=1 int=1 priming=1 ready=0 spec=0 demoted=0 decode_ms=0.0
[tick] act=1 int=1 priming=1 ready=0 spec=0 demoted=0 decode_ms=0.0
[tick] act=1 int=1 priming=1 ready=0 spec=0 demoted=0 decode_ms=0.0
[tick] act=1 int=1 priming=1 ready=0 spec=0 demoted=0 decode_ms=0.0
[tick] act=1 int=1 priming=1 ready=0 spec=0 demoted=0 decode_ms=0.0
[tick] act=1 int=1 priming=1 ready=0 spec=0 demoted=0 decode_ms=0.0
[tick] act=1 int=1 priming=1 ready=0 spec=0 demoted=0 decode_ms=0.0
[tick] act=1 int=1 priming=1 ready=0 spec=0 demoted=0 decode_ms=0.0
[tick] act=1 int=1 priming=1 ready=0 spec=0 demoted=0 decode_ms=0.0
[tick] act=1 int=1 priming=1 ready=0 spec=0 demoted=0 decode_ms=0.0
[tick] act=1 int=1 priming=1 ready=0 spec=0 demoted=0 decode_ms=0.0
[tick] act=1 int=1 priming=1 ready=0 spec=0 demoted=0 decode_ms=0.0
[tick] act=1 int=1 priming=1 ready=0 spec=0 demoted=0 decode_ms=0.0
[tick] act=1 int=1 priming=1 ready=0 spec=0 demoted=0 decode_ms=0.0
[tick] act=1 int=1 priming=1 ready=0 spec=0 demoted=0 decode_ms=0.0
[tick] act=1 int=1 priming=1 ready=0 spec=0 demoted=0 decode_ms=0.0
[tick] act=1 int=1 priming=1 ready=0 spec=0 demoted=0 decode_ms=0.0
[tick] act=1 int=1 priming=1 ready=0 spec=0 demoted=0 decode_ms=0.0
[tick] act=1 int=1 priming=1 ready=0 spec=0 demoted=0 decode_ms=0.0
[tick] act=1 int=1 priming=1 ready=0 spec=0 demoted=0 decode_ms=0.0
[tick] act=1 int=1 priming=1 ready=0 spec=0 demoted=0 decode_ms=0.0
[tick] act=1 int=1 priming=1 ready=0 spec=0 demoted=0 decode_ms=0.0
[tick] act=1 int=1 priming=1 ready=0 spec=0 demoted=0 decode_ms=0.0
[tick] act=1 int=1 priming=1 ready=0 spec=0 demoted=0 decode_ms=0.0
[tick] act=1 int=1 priming=1 ready=0 spec=0 demoted=0 decode_ms=0.0
[tick] act=1 int=1 priming=1 ready=0 spec=0 demoted=0 decode_ms=0.0
[tick] act=1 int=1 priming=1 ready=0 spec=0 demoted=0 decode_ms=0.0
[tick] act=1 int=1 priming=1 ready=0 spec=0 demoted=0 decode_ms=0.0
[tick] act=1 int=1 priming=1 ready=0 spec=0 demoted=0 decode_ms=0.0
[tick] act=1 int=1 priming=1 ready=0 spec=0 demoted=0 decode_ms=0.0
[tick] act=1 int=1 priming=1 ready=0 spec=0 demoted=0 decode_ms=0.0
[tick] act=1 int=1 priming=1 ready=0 spec=0 demoted=0 decode_ms=0.0
[tick] act=1 int=1 priming=1 ready=0 spec=0 demoted=0 decode_ms=0.0
[tick] act=1 int=1 priming=1 ready=0 spec=0 demoted=0 decode_ms=0.0
[tick] act=1 int=1 priming=1 ready=0 spec=0 demoted=0 decode_ms=0.0
[tick] act=1 int=1 priming=1 ready=0 spec=0 demoted=0 decode_ms=0.0
[tick] act=1 int=1 priming=1 ready=0 spec=0 demoted=0 decode_ms=0.0
[tick] act=1 int=1 priming=1 ready=0 spec=0 demoted=0 decode_ms=0.0
[tick] act=1 int=1 priming=1 ready=0 spec=0 demoted=0 decode_ms=0.0
[tick] act=1 int=1 priming=1 ready=0 spec=0 demoted=0 decode_ms=0.0
[tick] act=1 int=1 priming=1 ready=0 spec=0 demoted=0 decode_ms=0.0
[tick] act=1 int=1 priming=1 ready=0 spec=0 demoted=0 decode_ms=0.0
[tick] act=1 int=1 priming=1 ready=0 spec=0 demoted=0 decode_ms=0.0
[tick] act=1 int=1 priming=1 ready=0 spec=0 demoted=0 decode_ms=0.0
[tick] act=1 int=1 priming=1 ready=0 spec=0 demoted=0 decode_ms=0.0
[tick] act=1 int=1 priming=1 ready=0 spec=0 demoted=0 decode_ms=0.0
[tick] act=1 int=1 priming=1 ready=0 spec=0 demoted=0 decode_ms=0.0
[tick] act=1 int=1 priming=1 ready=0 spec=0 demoted=0 decode_ms=0.0
[tick] act=1 int=1 priming=1 ready=0 spec=0 demoted=0 decode_ms=0.0
[tick] act=1 int=1 priming=1 ready=0 spec=0 demoted=0 decode_ms=0.0
[tick] act=1 int=1 priming=1 ready=0 spec=0 demoted=0 decode_ms=0.0
[tick] act=1 int=1 priming=1 ready=0 spec=0 demoted=0 decode_ms=0.0
[tick] act=1 int=1 priming=1 ready=0 spec=0 demoted=0 decode_ms=0.0
[tick] act=1 int=1 priming=1 ready=0 spec=0 demoted=0 decode_ms=0.0
[tick] act=1 int=1 priming=1 ready=0 spec=0 demoted=0 decode_ms=0.0
[tick] act=1 int=1 priming=1 ready=0 spec=0 demoted=0 decode_ms=0.0
[tick] act=1 int=1 priming=1 ready=0 spec=0 demoted=0 decode_ms=0.0
[tick] act=1 int=1 priming=1 ready=0 spec=0 demoted=0 decode_ms=0.0
[tick] act=1 int=1 priming=1 ready=0 spec=0 demoted=0 decode_ms=0.0
[tick] act=1 int=1 priming=1 ready=0 spec=0 demoted=0 decode_ms=0.0
[tick] act=1 int=1 priming=1 ready=0 spec=0 demoted=0 decode_ms=0.0
[tick] act=1 int=1 priming=1 ready=0 spec=0 demoted=0 decode_ms=0.0
[tick] act=1 int=1 priming=1 ready=0 spec=0 demoted=0 decode_ms=0.0
[tick] act=1 int=1 priming=1 ready=0 spec=0 demoted=0 decode_ms=0.0
[tick] act=1 int=1 priming=1 ready=0 spec=0 demoted=0 decode_ms=0.0
[tick] act=1 int=1 priming=1 ready=0 spec=0 demoted=0 decode_ms=0.0
[tick] act=1 int=1 priming=1 ready=0 spec=0 demoted=0 decode_ms=0.0
[tick] act=1 int=1 priming=1 ready=0 spec=0 demoted=0 decode_ms=0.0
[tick] act=1 int=1 priming=1 ready=0 spec=0 demoted=0 decode_ms=0.0
[tick] act=1 int=1 priming=1 ready=0 spec=0 demoted=0 decode_ms=0.0
[tick] act=1 int=1 priming=1 ready=0 spec=0 demoted=0 decode_ms=0.0
[tick] act=1 int=1 priming=1 ready=0 spec=0 demoted=0 decode_ms=0.0
[tick] act=1 int=1 priming=1 ready=0 spec=0 demoted=0 decode_ms=0.0
[tick] act=1 int=1 priming=1 ready=0 spec=0 demoted=0 decode_ms=0.0
[tick] act=1 int=1 priming=1 ready=0 spec=0 demoted=0 decode_ms=0.0
[tick] act=1 int=1 priming=1 ready=0 spec=0 demoted=0 decode_ms=0.0
[tick] act=1 int=1 priming=1 ready=0 spec=0 demoted=0 decode_ms=0.0
[tick] act=1 int=1 priming=1 ready=0 spec=0 demoted=0 decode_ms=0.0
[tick] act=1 int=1 priming=1 ready=0 spec=0 demoted=0 decode_ms=0.0
[tick] act=1 int=1 priming=1 ready=0 spec=0 demoted=0 decode_ms=0.0
[tick] act=1 int=1 priming=1 ready=0 spec=0 demoted=0 decode_ms=0.0
[tick] act=1 int=1 priming=1 ready=0 spec=0 demoted=0 decode_ms=0.0
[tick] act=1 int=1 priming=1 ready=0 spec=0 demoted=0 decode_ms=0.0
[tick] act=1 int=1 priming=1 ready=0 spec=0 demoted=0 decode_ms=0.0
[tick] act=1 int=1 priming=1 ready=0 spec=0 demoted=0 decode_ms=0.0
[tick] act=1 int=1 priming=1 ready=0 spec=0 demoted=0 decode_ms=0.0
[tick] act=1 int=1 priming=1 ready=0 spec=0 demoted=0 decode_ms=0.0
[tick] act=1 int=1 priming=1 ready=0 spec=0 demoted=0 decode_ms=0.0
[tick] act=1 int=1 priming=1 ready=0 spec=0 demoted=0 decode_ms=0.0
[tick] act=1 int=1 priming=1 ready=0 spec=0 demoted=0 decode_ms=0.0
[tick] act=1 int=1 priming=1 ready=0 spec=0 demoted=0 decode_ms=0.0
[tick] act=1 int=1 priming=1 ready=0 spec=0 demoted=0 decode_ms=0.0
[tick] act=1 int=1 priming=1 ready=0 spec=0 demoted=0 decode_ms=0.0
[tick] act=1 int=1 priming=1 ready=0 spec=0 demoted=0 decode_ms=0.0
[tick] act=1 int=1 priming=1 ready=0 spec=0 demoted=0 decode_ms=0.0
[tick] act=1 int=1 priming=1 ready=0 spec=0 demoted=0 decode_ms=0.0
[tick] act=1 int=1 priming=1 ready=0 spec=0 demoted=0 decode_ms=0.0
[tick] act=1 int=1 priming=1 ready=0 spec=0 demoted=0 decode_ms=0.0
[tick] act=1 int=1 priming=1 ready=0 spec=0 demoted=0 decode_ms=0.0
[tick] act=1 int=1 priming=1 ready=0 spec=0 demoted=0 decode_ms=0.0
[tick] act=1 int=1 priming=1 ready=0 spec=0 demoted=0 decode_ms=0.0
[tick] act=1 int=1 priming=1 ready=0 spec=0 demoted=0 decode_ms=0.0
[tick] act=1 int=1 priming=1 ready=0 spec=0 demoted=0 decode_ms=0.0
[tick] act=1 int=1 priming=1 ready=0 spec=0 demoted=0 decode_ms=0.0
[tick] act=1 int=1 priming=1 ready=0 spec=0 demoted=0 decode_ms=0.0
[tick] act=1 int=1 priming=1 ready=0 spec=0 demoted=0 decode_ms=0.0
[tick] act=1 int=1 priming=1 ready=0 spec=0 demoted=0 decode_ms=0.0
[tick] act=1 int=1 priming=1 ready=0 spec=0 demoted=0 decode_ms=0.0
[tick] act=1 int=1 priming=1 ready=0 spec=0 demoted=0 decode_ms=0.0
[tick] act=1 int=1 priming=1 ready=0 spec=0 demoted=0 decode_ms=0.0
[tick] act=1 int=1 priming=1 ready=0 spec=0 demoted=0 decode_ms=0.0
[tick] act=1 int=1 priming=1 ready=0 spec=0 demoted=0 decode_ms=0.0
[tick] act=1 int=1 priming=1 ready=0 spec=0 demoted=0 decode_ms=0.0
[tick] act=1 int=1 priming=1 ready=0 spec=0 demoted=0 decode_ms=0.0
[tick] act=1 int=1 priming=1 ready=0 spec=0 demoted=0 decode_ms=0.0
[tick] act=1 int=1 priming=1 ready=0 spec=0 demoted=0 decode_ms=0.0
[tick] act=1 int=1 priming=1 ready=0 spec=0 demoted=0 decode_ms=0.0
[tick] act=1 int=1 priming=1 ready=0 spec=0 demoted=0 decode_ms=0.0
[tick] act=1 int=1 priming=1 ready=0 spec=0 demoted=0 decode_ms=0.0
[tick] act=1 int=1 priming=1 ready=0 spec=0 demoted=0 decode_ms=0.0
[tick] act=1 int=1 priming=1 ready=0 spec=0 demoted=0 decode_ms=0.0
[tick] act=1 int=1 priming=1 ready=0 spec=0 demoted=0 decode_ms=0.0
[tick] act=1 int=1 priming=1 ready=0 spec=0 demoted=0 decode_ms=0.0
[tick] act=1 int=1 priming=1 ready=0 spec=0 demoted=0 decode_ms=0.0
[tick] act=1 int=1 priming=1 ready=0 spec=0 demoted=0 decode_ms=0.0
[tick] act=1 int=1 priming=1 ready=0 spec=0 demoted=0 decode_ms=0.0
[tick] act=1 int=1 priming=1 ready=0 spec=0 demoted=0 decode_ms=0.0
[tick] act=1 int=1 priming=1 ready=0 spec=0 demoted=0 decode_ms=0.0
[tick] act=1 int=1 priming=1 ready=0 spec=0 demoted=0 decode_ms=0.0
[tick] act=1 int=1 priming=1 ready=0 spec=0 demoted=0 decode_ms=0.0
[tick] act=1 int=1 priming=1 ready=0 spec=0 demoted=0 decode_ms=0.0
[tick] act=1 int=1 priming=1 ready=0 spec=0 demoted=0 decode_ms=0.0
[tick] act=1 int=1 priming=1 ready=0 spec=0 demoted=0 decode_ms=0.0
[tick] act=1 int=1 priming=1 ready=0 spec=0 demoted=0 decode_ms=0.0
[tick] act=1 int=1 priming=1 ready=0 spec=0 demoted=0 decode_ms=0.0
[tick] act=1 int=1 priming=1 ready=0 spec=0 demoted=0 decode_ms=0.0
[tick] act=1 int=1 priming=1 ready=0 spec=0 demoted=0 decode_ms=0.0
[tick] act=1 int=1 priming=1 ready=0 spec=0 demoted=0 decode_ms=0.0
[tick] act=1 int=1 priming=1 ready=0 spec=0 demoted=0 decode_ms=0.0
[tick] act=1 int=1 priming=1 ready=0 spec=0 demoted=0 decode_ms=0.0
[tick] act=1 int=1 priming=1 ready=0 spec=0 demoted=0 decode_ms=0.0
[tick] act=1 int=1 priming=1 ready=0 spec=0 demoted=0 decode_ms=0.0
[tick] act=1 int=1 priming=1 ready=0 spec=0 demoted=0 decode_ms=0.0
[tick] act=1 int=1 priming=1 ready=0 spec=0 demoted=0 decode_ms=0.0
[tick] act=1 int=1 priming=1 ready=0 spec=0 demoted=0 decode_ms=0.0
[tick] act=1 int=1 priming=1 ready=0 spec=0 demoted=0 decode_ms=0.0
[tick] act=1 int=1 priming=1 ready=0 spec=0 demoted=0 decode_ms=0.0
[tick] act=1 int=1 priming=1 ready=0 spec=0 demoted=0 decode_ms=0.0
[tick] act=1 int=1 priming=1 ready=0 spec=0 demoted=0 decode_ms=0.0
[tick] act=1 int=1 priming=1 ready=0 spec=0 demoted=0 decode_ms=0.0
[tick] act=1 int=1 priming=1 ready=0 spec=0 demoted=0 decode_ms=0.0
[tick] act=1 int=1 priming=1 ready=0 spec=0 demoted=0 decode_ms=0.0
[tick] act=1 int=1 priming=1 ready=0 spec=0 demoted=0 decode_ms=0.0
[tick] act=1 int=1 priming=1 ready=0 spec=0 demoted=0 decode_ms=0.0
[tick] act=1 int=1 priming=1 ready=0 spec=0 demoted=0 decode_ms=0.0
[tick] act=1 int=1 priming=1 ready=0 spec=0 demoted=0 decode_ms=0.0
[tick] act=1 int=1 priming=1 ready=0 spec=0 demoted=0 decode_ms=0.0
[tick] act=1 int=1 priming=1 ready=0 spec=0 demoted=0 decode_ms=0.0
[tick] act=1 int=1 priming=1 ready=0 spec=0 demoted=0 decode_ms=0.0
[tick] act=1 int=1 priming=1 ready=0 spec=0 demoted=0 decode_ms=0.0
[tick] act=1 int=1 priming=1 ready=0 spec=0 demoted=0 decode_ms=0.0
[tick] act=1 int=1 priming=1 ready=0 spec=0 demoted=0 decode_ms=0.0
[tick] act=1 int=1 priming=1 ready=0 spec=0 demoted=0 decode_ms=0.0
[tick] act=1 int=1 priming=1 ready=0 spec=0 demoted=0 decode_ms=0.0
[tick] act=1 int=1 priming=1 ready=0 spec=0 demoted=0 decode_ms=0.0
[tick] act=1 int=1 priming=1 ready=0 spec=0 demoted=0 decode_ms=0.0
[tick] act=1 int=1 priming=1 ready=0 spec=0 demoted=0 decode_ms=0.0
[tick] act=1 int=1 priming=1 ready=0 spec=0 demoted=0 decode_ms=0.0
[tick] act=1 int=1 priming=1 ready=0 spec=0 demoted=0 decode_ms=0.0
[tick] act=1 int=1 priming=1 ready=0 spec=0 demoted=0 decode_ms=0.0
[tick] act=1 int=1 priming=1 ready=0 spec=0 demoted=0 decode_ms=0.0
[tick] act=1 int=1 priming=1 ready=0 spec=0 demoted=0 decode_ms=0.0
[tick] act=1 int=1 priming=1 ready=0 spec=0 demoted=0 decode_ms=0.0
[tick] act=1 int=1 priming=1 ready=0 spec=0 demoted=0 decode_ms=0.0
[tick] act=1 int=1 priming=1 ready=0 spec=0 demoted=0 decode_ms=0.0
[tick] act=1 int=1 priming=1 ready=0 spec=0 demoted=0 decode_ms=0.0
[tick] act=1 int=1 priming=1 ready=0 spec=0 demoted=0 decode_ms=0.0
[tick] act=1 int=1 priming=1 ready=0 spec=0 demoted=0 decode_ms=0.0
[tick] act=1 int=1 priming=1 ready=0 spec=0 demoted=0 decode_ms=0.0
[tick] act=1 int=1 priming=1 ready=0 spec=0 demoted=0 decode_ms=0.0
[tick] act=1 int=1 priming=1 ready=0 spec=0 demoted=0 decode_ms=0.0
[tick] act=1 int=1 priming=1 ready=0 spec=0 demoted=0 decode_ms=0.0
[tick] act=1 int=1 priming=1 ready=0 spec=0 demoted=0 decode_ms=0.0
[tick] act=1 int=1 priming=1 ready=0 spec=0 demoted=0 decode_ms=0.0
[tick] act=1 int=1 priming=1 ready=0 spec=0 demoted=0 decode_ms=0.0
[tick] act=1 int=1 priming=1 ready=0 spec=0 demoted=0 decode_ms=0.0
[tick] act=1 int=1 priming=1 ready=0 spec=0 demoted=0 decode_ms=0.0
[tick] act=1 int=1 priming=1 ready=0 spec=0 demoted=0 decode_ms=0.0
[tick] act=1 int=1 priming=1 ready=0 spec=0 demoted=0 decode_ms=0.0
[tick] act=1 int=1 priming=1 ready=0 spec=0 demoted=0 decode_ms=0.0
[tick] act=1 int=1 priming=1 ready=0 spec=0 demoted=0 decode_ms=0.0
[tick] act=1 int=1 priming=1 ready=0 spec=0 demoted=0 decode_ms=0.0
[tick] act=1 int=1 priming=1 ready=0 spec=0 demoted=0 decode_ms=0.0
[tick] act=1 int=1 priming=1 ready=0 spec=0 demoted=0 decode_ms=0.0
[tick] act=1 int=1 priming=1 ready=0 spec=0 demoted=0 decode_ms=0.0
[tick] act=1 int=1 priming=1 ready=0 spec=0 demoted=0 decode_ms=0.0
[tick] act=1 int=1 priming=1 ready=0 spec=0 demoted=0 decode_ms=0.0
[tick] act=1 int=1 priming=1 ready=0 spec=0 demoted=0 decode_ms=0.0
[tick] act=1 int=1 priming=1 ready=0 spec=0 demoted=0 decode_ms=0.0
[tick] act=1 int=1 priming=1 ready=0 spec=0 demoted=0 decode_ms=0.0
[tick] act=1 int=1 priming=1 ready=0 spec=0 demoted=0 decode_ms=0.0
[tick] act=1 int=1 priming=1 ready=0 spec=0 demoted=0 decode_ms=0.0
[tick] act=1 int=1 priming=1 ready=0 spec=0 demoted=0 decode_ms=0.0
[tick] act=1 int=1 priming=1 ready=0 spec=0 demoted=0 decode_ms=0.0
[tick] act=1 int=1 priming=1 ready=0 spec=0 demoted=0 decode_ms=0.0
[tick] act=1 int=1 priming=1 ready=0 spec=0 demoted=0 decode_ms=0.0
[tick] act=1 int=1 priming=1 ready=0 spec=0 demoted=0 decode_ms=0.0
[tick] act=1 int=1 priming=1 ready=0 spec=0 demoted=0 decode_ms=0.0
[tick] act=1 int=1 priming=1 ready=0 spec=0 demoted=0 decode_ms=0.0
[tick] act=1 int=1 priming=1 ready=0 spec=0 demoted=0 decode_ms=0.0
[tick] act=1 int=1 priming=1 ready=0 spec=0 demoted=0 decode_ms=0.0
[tick] act=1 int=1 priming=1 ready=0 spec=0 demoted=0 decode_ms=0.0
[tick] act=1 int=1 priming=1 ready=0 spec=0 demoted=0 decode_ms=0.0
[tick] act=1 int=1 priming=1 ready=0 spec=0 demoted=0 decode_ms=0.0
[tick] act=1 int=1 priming=1 ready=0 spec=0 demoted=0 decode_ms=0.0
[tick] act=1 int=1 priming=1 ready=0 spec=0 demoted=0 decode_ms=0.0
[tick] act=1 int=1 priming=1 ready=0 spec=0 demoted=0 decode_ms=0.0
[tick] act=1 int=1 priming=1 ready=0 spec=0 demoted=0 decode_ms=0.0
[tick] act=1 int=1 priming=1 ready=0 spec=0 demoted=0 decode_ms=0.0
[tick] act=1 int=1 priming=1 ready=0 spec=0 demoted=0 decode_ms=0.0
[tick] act=1 int=1 priming=1 ready=0 spec=0 demoted=0 decode_ms=0.0
[tick] act=1 int=1 priming=1 ready=0 spec=0 demoted=0 decode_ms=0.0
[prefix-cache] insert (seed): 70 tokens, 55.9MB (resident 55.9MB / 268MB, model q9)
[tick] act=1 int=1 priming=0 ready=1 spec=0 demoted=0 decode_ms=7.7
[tick] act=1 int=1 priming=0 ready=1 spec=0 demoted=0 decode_ms=7.4
[tick] act=1 int=1 priming=0 ready=1 spec=0 demoted=0 decode_ms=7.4
[tick] act=1 int=1 priming=0 ready=1 spec=0 demoted=0 decode_ms=7.4
[tick] act=1 int=1 priming=0 ready=1 spec=0 demoted=0 decode_ms=7.4
[tick] act=1 int=1 priming=0 ready=1 spec=0 demoted=0 decode_ms=7.5
[tick] act=1 int=1 priming=0 ready=1 spec=0 demoted=0 decode_ms=7.5
[tick] act=1 int=1 priming=0 ready=1 spec=0 demoted=0 decode_ms=7.5
[tick] act=1 int=1 priming=0 ready=1 spec=0 demoted=0 decode_ms=7.5
[tick] act=1 int=1 priming=0 ready=1 spec=0 demoted=0 decode_ms=7.6
[tick] act=1 int=1 priming=0 ready=1 spec=0 demoted=0 decode_ms=7.6
[tick] act=1 int=1 priming=0 ready=1 spec=0 demoted=0 decode_ms=7.6
[tick] act=1 int=1 priming=0 ready=1 spec=0 demoted=0 decode_ms=7.6
[tick] act=1 int=1 priming=0 ready=1 spec=0 demoted=0 decode_ms=7.6
[tick] act=1 int=1 priming=0 ready=1 spec=0 demoted=0 decode_ms=7.6
[tick] act=1 int=1 priming=0 ready=1 spec=0 demoted=0 decode_ms=7.6
[tick] act=1 int=1 priming=0 ready=1 spec=0 demoted=0 decode_ms=7.6
[tick] act=1 int=1 priming=0 ready=1 spec=0 demoted=0 decode_ms=7.6
[tick] act=1 int=1 priming=0 ready=1 spec=0 demoted=0 decode_ms=7.6
[tick] act=1 int=1 priming=0 ready=1 spec=0 demoted=0 decode_ms=7.6
[tick] act=1 int=1 priming=0 ready=1 spec=0 demoted=0 decode_ms=7.6
[tick] act=1 int=1 priming=0 ready=1 spec=0 demoted=0 decode_ms=7.6
[tick] act=1 int=1 priming=0 ready=1 spec=0 demoted=0 decode_ms=7.6
[tick] act=1 int=1 priming=0 ready=1 spec=0 demoted=0 decode_ms=7.7
[tick] act=1 int=1 priming=0 ready=1 spec=0 demoted=0 decode_ms=7.7
[tick] act=1 int=1 priming=0 ready=1 spec=0 demoted=0 decode_ms=6.9
[tick] act=1 int=1 priming=0 ready=1 spec=0 demoted=0 decode_ms=6.9
[tick] act=1 int=1 priming=0 ready=1 spec=0 demoted=0 decode_ms=6.9
[tick] act=1 int=1 priming=0 ready=1 spec=0 demoted=0 decode_ms=6.9
[tick] act=1 int=1 priming=0 ready=1 spec=0 demoted=0 decode_ms=6.9
[tick] act=1 int=1 priming=0 ready=1 spec=0 demoted=0 decode_ms=6.9
[tick] act=1 int=1 priming=0 ready=1 spec=0 demoted=0 decode_ms=6.9
[tick] act=1 int=1 priming=0 ready=1 spec=0 demoted=0 decode_ms=6.9
[tick] act=1 int=1 priming=0 ready=1 spec=0 demoted=0 decode_ms=7.0
[tick] act=1 int=1 priming=0 ready=1 spec=0 demoted=0 decode_ms=7.0
[tick] act=1 int=1 priming=0 ready=1 spec=0 demoted=0 decode_ms=6.9
[tick] act=1 int=1 priming=0 ready=1 spec=0 demoted=0 decode_ms=7.0
[tick] act=1 int=1 priming=0 ready=1 spec=0 demoted=0 decode_ms=7.0
[tick] act=1 int=1 priming=0 ready=1 spec=0 demoted=0 decode_ms=6.9
[tick] act=1 int=1 priming=0 ready=1 spec=0 demoted=0 decode_ms=7.0
[tick] act=1 int=1 priming=0 ready=1 spec=0 demoted=0 decode_ms=7.0
[tick] act=1 int=1 priming=0 ready=1 spec=0 demoted=0 decode_ms=6.9
[tick] act=1 int=1 priming=0 ready=1 spec=0 demoted=0 decode_ms=7.0
[tick] act=1 int=1 priming=0 ready=1 spec=0 demoted=0 decode_ms=7.0
[tick] act=1 int=1 priming=0 ready=1 spec=0 demoted=0 decode_ms=7.0
[tick] act=1 int=1 priming=0 ready=1 spec=0 demoted=0 decode_ms=7.0
[tick] act=1 int=1 priming=0 ready=1 spec=0 demoted=0 decode_ms=7.0
[tick] act=1 int=1 priming=0 ready=1 spec=0 demoted=0 decode_ms=7.0
[tick] act=1 int=1 priming=0 ready=1 spec=0 demoted=0 decode_ms=7.0
[tick] act=1 int=1 priming=0 ready=1 spec=0 demoted=0 decode_ms=7.0
[tick] act=1 int=1 priming=0 ready=1 spec=0 demoted=0 decode_ms=7.0
[tick] act=1 int=1 priming=0 ready=1 spec=0 demoted=0 decode_ms=6.9
[tick] act=1 int=1 priming=0 ready=1 spec=0 demoted=0 decode_ms=7.0
[tick] act=1 int=1 priming=0 ready=1 spec=0 demoted=0 decode_ms=6.9
[tick] act=1 int=1 priming=0 ready=1 spec=0 demoted=0 decode_ms=7.0
[tick] act=1 int=1 priming=0 ready=1 spec=0 demoted=0 decode_ms=7.0
[meter] admit id=chatcmpl-55549ec095936fb88c3d2650af48cce6 tenant=default lane=interactive model="q9"
[meter] admit id=chatcmpl-fb8c7e66d7b9dc09823379381683e11a tenant=default lane=interactive model="q9"
[tick] act=1 int=1 priming=0 ready=1 spec=0 demoted=0 decode_ms=7.0
[meter] admit id=chatcmpl-a05228d635d79e82c3b5754c1bbc19c7 tenant=default lane=interactive model="q9"
[meter] admit id=chatcmpl-82e1a83a46e699220a8a0247735d8aa3 tenant=default lane=interactive model="q9"
[prime-batch] B=2 tokens=74 in 42.8ms
[tick] act=3 int=3 priming=0 ready=3 spec=0 demoted=0 decode_ms=10.1
[prime-batch] B=2 tokens=74 in 40.3ms
[tick] act=5 int=5 priming=0 ready=5 spec=0 demoted=0 decode_ms=12.7
[tick] act=5 int=5 priming=0 ready=5 spec=0 demoted=0 decode_ms=12.2
[tick] act=5 int=5 priming=0 ready=5 spec=0 demoted=0 decode_ms=12.4
[tick] act=5 int=5 priming=0 ready=5 spec=0 demoted=0 decode_ms=12.7
[tick] act=5 int=5 priming=0 ready=5 spec=0 demoted=0 decode_ms=12.8
[tick] act=5 int=5 priming=0 ready=5 spec=0 demoted=0 decode_ms=12.8
[tick] act=5 int=5 priming=0 ready=5 spec=0 demoted=0 decode_ms=12.8
[tick] act=5 int=5 priming=0 ready=5 spec=0 demoted=0 decode_ms=12.9
[tick] act=5 int=5 priming=0 ready=5 spec=0 demoted=0 decode_ms=12.9
[tick] act=5 int=5 priming=0 ready=5 spec=0 demoted=0 decode_ms=13.0
[tick] act=5 int=5 priming=0 ready=5 spec=0 demoted=0 decode_ms=13.0
[tick] act=5 int=5 priming=0 ready=5 spec=0 demoted=0 decode_ms=13.0
[tick] act=5 int=5 priming=0 ready=5 spec=0 demoted=0 decode_ms=13.0
[tick] act=5 int=5 priming=0 ready=5 spec=0 demoted=0 decode_ms=13.0
[tick] act=5 int=5 priming=0 ready=5 spec=0 demoted=0 decode_ms=13.1
[tick] act=5 int=5 priming=0 ready=5 spec=0 demoted=0 decode_ms=13.1
[tick] act=5 int=5 priming=0 ready=5 spec=0 demoted=0 decode_ms=13.1
[tick] act=5 int=5 priming=0 ready=5 spec=0 demoted=0 decode_ms=13.1
[tick] act=5 int=5 priming=0 ready=5 spec=0 demoted=0 decode_ms=13.2
[tick] act=5 int=5 priming=0 ready=5 spec=0 demoted=0 decode_ms=13.1
[tick] act=5 int=5 priming=0 ready=5 spec=0 demoted=0 decode_ms=13.1
[tick] act=5 int=5 priming=0 ready=5 spec=0 demoted=0 decode_ms=13.3
[tick] act=5 int=5 priming=0 ready=5 spec=0 demoted=0 decode_ms=13.2
[tick] act=5 int=5 priming=0 ready=5 spec=0 demoted=0 decode_ms=13.3
[tick] act=5 int=5 priming=0 ready=5 spec=0 demoted=0 decode_ms=13.5
[tick] act=5 int=5 priming=0 ready=5 spec=0 demoted=0 decode_ms=13.5
[tick] act=5 int=5 priming=0 ready=5 spec=0 demoted=0 decode_ms=13.6
[tick] act=5 int=5 priming=0 ready=5 spec=0 demoted=0 decode_ms=13.7
[tick] act=5 int=5 priming=0 ready=5 spec=0 demoted=0 decode_ms=13.7
[tick] act=5 int=5 priming=0 ready=5 spec=0 demoted=0 decode_ms=13.7
[tick] act=5 int=5 priming=0 ready=5 spec=0 demoted=0 decode_ms=13.6
[tick] act=5 int=5 priming=0 ready=5 spec=0 demoted=0 decode_ms=13.5
[tick] act=5 int=5 priming=0 ready=5 spec=0 demoted=0 decode_ms=13.6
[tick] act=5 int=5 priming=0 ready=5 spec=0 demoted=0 decode_ms=13.6
[tick] act=5 int=5 priming=0 ready=5 spec=0 demoted=0 decode_ms=13.6
[tick] act=5 int=5 priming=0 ready=5 spec=0 demoted=0 decode_ms=13.6
[tick] act=5 int=5 priming=0 ready=5 spec=0 demoted=0 decode_ms=13.6
[tick] act=5 int=5 priming=0 ready=5 spec=0 demoted=0 decode_ms=13.6
[tick] act=5 int=5 priming=0 ready=5 spec=0 demoted=0 decode_ms=13.7
[tick] act=5 int=5 priming=0 ready=5 spec=0 demoted=0 decode_ms=13.7
[tick] act=5 int=5 priming=0 ready=5 spec=0 demoted=0 decode_ms=13.7
[tick] act=5 int=5 priming=0 ready=5 spec=0 demoted=0 decode_ms=13.7
[tick] act=5 int=5 priming=0 ready=5 spec=0 demoted=0 decode_ms=13.8
[tick] act=5 int=5 priming=0 ready=5 spec=0 demoted=0 decode_ms=13.8
[tick] act=5 int=5 priming=0 ready=5 spec=0 demoted=0 decode_ms=13.7
[tick] act=5 int=5 priming=0 ready=5 spec=0 demoted=0 decode_ms=13.8
[tick] act=5 int=5 priming=0 ready=5 spec=0 demoted=0 decode_ms=13.9
[tick] act=5 int=5 priming=0 ready=5 spec=0 demoted=0 decode_ms=13.9
[tick] act=5 int=5 priming=0 ready=5 spec=0 demoted=0 decode_ms=13.9
[tick] act=5 int=5 priming=0 ready=5 spec=0 demoted=0 decode_ms=14.0
[tick] act=5 int=5 priming=0 ready=5 spec=0 demoted=0 decode_ms=14.0
[tick] act=5 int=5 priming=0 ready=5 spec=0 demoted=0 decode_ms=14.0
[tick] act=5 int=5 priming=0 ready=5 spec=0 demoted=0 decode_ms=14.1
[tick] act=5 int=5 priming=0 ready=5 spec=0 demoted=0 decode_ms=14.0
[tick] act=5 int=5 priming=0 ready=5 spec=0 demoted=0 decode_ms=14.0
[tick] act=5 int=5 priming=0 ready=5 spec=0 demoted=0 decode_ms=14.1
[tick] act=5 int=5 priming=0 ready=5 spec=0 demoted=0 decode_ms=14.2
[tick] act=5 int=5 priming=0 ready=5 spec=0 demoted=0 decode_ms=12.5
[tick] act=5 int=5 priming=0 ready=5 spec=0 demoted=0 decode_ms=10.8
[tick] act=5 int=5 priming=0 ready=5 spec=0 demoted=0 decode_ms=11.0
[tick] act=5 int=5 priming=0 ready=5 spec=0 demoted=0 decode_ms=11.0
[tick] act=5 int=5 priming=0 ready=5 spec=0 demoted=0 decode_ms=11.5
[tick] act=5 int=5 priming=0 ready=5 spec=0 demoted=0 decode_ms=11.5
[tick] act=5 int=5 priming=0 ready=5 spec=0 demoted=0 decode_ms=11.5
[tick] act=5 int=5 priming=0 ready=5 spec=0 demoted=0 decode_ms=11.5
[tick] act=5 int=5 priming=0 ready=5 spec=0 demoted=0 decode_ms=11.5
[tick] act=5 int=5 priming=0 ready=5 spec=0 demoted=0 decode_ms=11.5
[tick] act=5 int=5 priming=0 ready=5 spec=0 demoted=0 decode_ms=11.6
[tick] act=5 int=5 priming=0 ready=5 spec=0 demoted=0 decode_ms=11.6
[tick] act=5 int=5 priming=0 ready=5 spec=0 demoted=0 decode_ms=11.5
[tick] act=5 int=5 priming=0 ready=5 spec=0 demoted=0 decode_ms=11.5
[tick] act=5 int=5 priming=0 ready=5 spec=0 demoted=0 decode_ms=11.5
[tick] act=5 int=5 priming=0 ready=5 spec=0 demoted=0 decode_ms=11.5
[tick] act=5 int=5 priming=0 ready=5 spec=0 demoted=0 decode_ms=11.6
[tick] act=5 int=5 priming=0 ready=5 spec=0 demoted=0 decode_ms=11.6
[tick] act=5 int=5 priming=0 ready=5 spec=0 demoted=0 decode_ms=11.6
[tick] act=5 int=5 priming=0 ready=5 spec=0 demoted=0 decode_ms=11.5
[tick] act=5 int=5 priming=0 ready=5 spec=0 demoted=0 decode_ms=11.6
[tick] act=5 int=5 priming=0 ready=5 spec=0 demoted=0 decode_ms=11.5
[tick] act=5 int=5 priming=0 ready=5 spec=0 demoted=0 decode_ms=11.5
[tick] act=5 int=5 priming=0 ready=5 spec=0 demoted=0 decode_ms=11.5
[tick] act=5 int=5 priming=0 ready=5 spec=0 demoted=0 decode_ms=11.6
[tick] act=5 int=5 priming=0 ready=5 spec=0 demoted=0 decode_ms=11.6
[tick] act=5 int=5 priming=0 ready=5 spec=0 demoted=0 decode_ms=11.5
[tick] act=5 int=5 priming=0 ready=5 spec=0 demoted=0 decode_ms=11.5
[tick] act=5 int=5 priming=0 ready=5 spec=0 demoted=0 decode_ms=11.5
[tick] act=5 int=5 priming=0 ready=5 spec=0 demoted=0 decode_ms=11.6
[tick] act=5 int=5 priming=0 ready=5 spec=0 demoted=0 decode_ms=11.6
[tick] act=5 int=5 priming=0 ready=5 spec=0 demoted=0 decode_ms=11.6
[tick] act=5 int=5 priming=0 ready=5 spec=0 demoted=0 decode_ms=11.6
[tick] act=5 int=5 priming=0 ready=5 spec=0 demoted=0 decode_ms=11.5
[tick] act=5 int=5 priming=0 ready=5 spec=0 demoted=0 decode_ms=11.5
[tick] act=5 int=5 priming=0 ready=5 spec=0 demoted=0 decode_ms=11.5
[tick] act=5 int=5 priming=0 ready=5 spec=0 demoted=0 decode_ms=11.5
[tick] act=5 int=5 priming=0 ready=5 spec=0 demoted=0 decode_ms=11.5
[tick] act=5 int=5 priming=0 ready=5 spec=0 demoted=0 decode_ms=11.5
[tick] act=5 int=5 priming=0 ready=5 spec=0 demoted=0 decode_ms=11.5
[tick] act=5 int=5 priming=0 ready=5 spec=0 demoted=0 decode_ms=11.5
[tick] act=5 int=5 priming=0 ready=5 spec=0 demoted=0 decode_ms=11.5
[tick] act=5 int=5 priming=0 ready=5 spec=0 demoted=0 decode_ms=11.6
[tick] act=5 int=5 priming=0 ready=5 spec=0 demoted=0 decode_ms=11.6
[tick] act=5 int=5 priming=0 ready=5 spec=0 demoted=0 decode_ms=11.6
[tick] act=5 int=5 priming=0 ready=5 spec=0 demoted=0 decode_ms=11.5
[tick] act=5 int=5 priming=0 ready=5 spec=0 demoted=0 decode_ms=11.5
[tick] act=5 int=5 priming=0 ready=5 spec=0 demoted=0 decode_ms=11.6
[tick] act=5 int=5 priming=0 ready=5 spec=0 demoted=0 decode_ms=11.5
[tick] act=5 int=5 priming=0 ready=5 spec=0 demoted=0 decode_ms=11.5
[tick] act=5 int=5 priming=0 ready=5 spec=0 demoted=0 decode_ms=11.5
[tick] act=5 int=5 priming=0 ready=5 spec=0 demoted=0 decode_ms=11.5
[tick] act=5 int=5 priming=0 ready=5 spec=0 demoted=0 decode_ms=11.5
[tick] act=5 int=5 priming=0 ready=5 spec=0 demoted=0 decode_ms=11.6
[tick] act=5 int=5 priming=0 ready=5 spec=0 demoted=0 decode_ms=11.5
[tick] act=5 int=5 priming=0 ready=5 spec=0 demoted=0 decode_ms=11.6
[tick] act=5 int=5 priming=0 ready=5 spec=0 demoted=0 decode_ms=11.6
[tick] act=5 int=5 priming=0 ready=5 spec=0 demoted=0 decode_ms=11.6
[tick] act=5 int=5 priming=0 ready=5 spec=0 demoted=0 decode_ms=11.5
[tick] act=5 int=5 priming=0 ready=5 spec=0 demoted=0 decode_ms=11.6
[tick] act=5 int=5 priming=0 ready=5 spec=0 demoted=0 decode_ms=11.6
[tick] act=5 int=5 priming=0 ready=5 spec=0 demoted=0 decode_ms=11.6
[tick] act=5 int=5 priming=0 ready=5 spec=0 demoted=0 decode_ms=11.6
[tick] act=5 int=5 priming=0 ready=5 spec=0 demoted=0 decode_ms=11.6
[tick] act=5 int=5 priming=0 ready=5 spec=0 demoted=0 decode_ms=11.6
[tick] act=5 int=5 priming=0 ready=5 spec=0 demoted=0 decode_ms=11.6
[tick] act=5 int=5 priming=0 ready=5 spec=0 demoted=0 decode_ms=11.6
[tick] act=5 int=5 priming=0 ready=5 spec=0 demoted=0 decode_ms=11.6
[tick] act=5 int=5 priming=0 ready=5 spec=0 demoted=0 decode_ms=11.6
[tick] act=5 int=5 priming=0 ready=5 spec=0 demoted=0 decode_ms=11.6
[tick] act=5 int=5 priming=0 ready=5 spec=0 demoted=0 decode_ms=11.6
[tick] act=5 int=5 priming=0 ready=5 spec=0 demoted=0 decode_ms=11.6
[tick] act=5 int=5 priming=0 ready=5 spec=0 demoted=0 decode_ms=11.6
[tick] act=5 int=5 priming=0 ready=5 spec=0 demoted=0 decode_ms=11.6
[tick] act=5 int=5 priming=0 ready=5 spec=0 demoted=0 decode_ms=11.6
[tick] act=5 int=5 priming=0 ready=5 spec=0 demoted=0 decode_ms=11.6
[tick] act=5 int=5 priming=0 ready=5 spec=0 demoted=0 decode_ms=11.6
[tick] act=5 int=5 priming=0 ready=5 spec=0 demoted=0 decode_ms=11.6
[tick] act=5 int=5 priming=0 ready=5 spec=0 demoted=0 decode_ms=11.6
[tick] act=5 int=5 priming=0 ready=5 spec=0 demoted=0 decode_ms=11.6
[tick] act=5 int=5 priming=0 ready=5 spec=0 demoted=0 decode_ms=11.6
[tick] act=5 int=5 priming=0 ready=5 spec=0 demoted=0 decode_ms=11.6
[tick] act=5 int=5 priming=0 ready=5 spec=0 demoted=0 decode_ms=11.6
[tick] act=5 int=5 priming=0 ready=5 spec=0 demoted=0 decode_ms=11.6
[tick] act=5 int=5 priming=0 ready=5 spec=0 demoted=0 decode_ms=11.6
[tick] act=5 int=5 priming=0 ready=5 spec=0 demoted=0 decode_ms=11.6
[tick] act=5 int=5 priming=0 ready=5 spec=0 demoted=0 decode_ms=11.6
[tick] act=5 int=5 priming=0 ready=5 spec=0 demoted=0 decode_ms=11.6
[tick] act=5 int=5 priming=0 ready=5 spec=0 demoted=0 decode_ms=11.6
[tick] act=5 int=5 priming=0 ready=5 spec=0 demoted=0 decode_ms=11.7
[tick] act=5 int=5 priming=0 ready=5 spec=0 demoted=0 decode_ms=11.6
[tick] act=5 int=5 priming=0 ready=5 spec=0 demoted=0 decode_ms=11.6
[tick] act=5 int=5 priming=0 ready=5 spec=0 demoted=0 decode_ms=11.6
[tick] act=5 int=5 priming=0 ready=5 spec=0 demoted=0 decode_ms=11.6
[tick] act=5 int=5 priming=0 ready=5 spec=0 demoted=0 decode_ms=11.6
[tick] act=5 int=5 priming=0 ready=5 spec=0 demoted=0 decode_ms=11.6
[tick] act=5 int=5 priming=0 ready=5 spec=0 demoted=0 decode_ms=11.6
[tick] act=5 int=5 priming=0 ready=5 spec=0 demoted=0 decode_ms=11.6
[tick] act=5 int=5 priming=0 ready=5 spec=0 demoted=0 decode_ms=11.6
[tick] act=5 int=5 priming=0 ready=5 spec=0 demoted=0 decode_ms=11.6
[tick] act=5 int=5 priming=0 ready=5 spec=0 demoted=0 decode_ms=11.6
[tick] act=5 int=5 priming=0 ready=5 spec=0 demoted=0 decode_ms=11.6
[tick] act=5 int=5 priming=0 ready=5 spec=0 demoted=0 decode_ms=11.6
[tick] act=5 int=5 priming=0 ready=5 spec=0 demoted=0 decode_ms=11.6
[tick] act=5 int=5 priming=0 ready=5 spec=0 demoted=0 decode_ms=11.6
[tick] act=5 int=5 priming=0 ready=5 spec=0 demoted=0 decode_ms=11.6
[tick] act=5 int=5 priming=0 ready=5 spec=0 demoted=0 decode_ms=11.6
[tick] act=5 int=5 priming=0 ready=5 spec=0 demoted=0 decode_ms=11.6
[tick] act=5 int=5 priming=0 ready=5 spec=0 demoted=0 decode_ms=11.6
[tick] act=5 int=5 priming=0 ready=5 spec=0 demoted=0 decode_ms=11.6
[tick] act=5 int=5 priming=0 ready=5 spec=0 demoted=0 decode_ms=11.6
[tick] act=5 int=5 priming=0 ready=5 spec=0 demoted=0 decode_ms=11.7
[tick] act=5 int=5 priming=0 ready=5 spec=0 demoted=0 decode_ms=11.7
[tick] act=5 int=5 priming=0 ready=5 spec=0 demoted=0 decode_ms=11.7
[tick] act=5 int=5 priming=0 ready=5 spec=0 demoted=0 decode_ms=11.6
[tick] act=5 int=5 priming=0 ready=5 spec=0 demoted=0 decode_ms=11.6
[tick] act=5 int=5 priming=0 ready=5 spec=0 demoted=0 decode_ms=11.6
[tick] act=5 int=5 priming=0 ready=5 spec=0 demoted=0 decode_ms=11.6
[tick] act=5 int=5 priming=0 ready=5 spec=0 demoted=0 decode_ms=11.7
[tick] act=5 int=5 priming=0 ready=5 spec=0 demoted=0 decode_ms=11.6
[tick] act=5 int=5 priming=0 ready=5 spec=0 demoted=0 decode_ms=11.6
[tick] act=5 int=5 priming=0 ready=5 spec=0 demoted=0 decode_ms=11.6
[tick] act=5 int=5 priming=0 ready=5 spec=0 demoted=0 decode_ms=11.6
[tick] act=5 int=5 priming=0 ready=5 spec=0 demoted=0 decode_ms=11.6
[tick] act=5 int=5 priming=0 ready=5 spec=0 demoted=0 decode_ms=11.6
[tick] act=5 int=5 priming=0 ready=5 spec=0 demoted=0 decode_ms=11.6
[tick] act=5 int=5 priming=0 ready=5 spec=0 demoted=0 decode_ms=11.6
[tick] act=5 int=5 priming=0 ready=5 spec=0 demoted=0 decode_ms=11.6
[tick] act=5 int=5 priming=0 ready=5 spec=0 demoted=0 decode_ms=11.7
[tick] act=5 int=5 priming=0 ready=5 spec=0 demoted=0 decode_ms=11.6
[tick] act=5 int=5 priming=0 ready=5 spec=0 demoted=0 decode_ms=11.6
[tick] act=5 int=5 priming=0 ready=5 spec=0 demoted=0 decode_ms=11.6
[tick] act=5 int=5 priming=0 ready=5 spec=0 demoted=0 decode_ms=11.6
[tick] act=5 int=5 priming=0 ready=5 spec=0 demoted=0 decode_ms=11.6
[tick] act=5 int=5 priming=0 ready=5 spec=0 demoted=0 decode_ms=11.6
[tick] act=5 int=5 priming=0 ready=5 spec=0 demoted=0 decode_ms=11.6
[tick] act=5 int=5 priming=0 ready=5 spec=0 demoted=0 decode_ms=11.6
[tick] act=5 int=5 priming=0 ready=5 spec=0 demoted=0 decode_ms=11.7
[tick] act=5 int=5 priming=0 ready=5 spec=0 demoted=0 decode_ms=11.6
[tick] act=5 int=5 priming=0 ready=5 spec=0 demoted=0 decode_ms=11.6
[tick] act=5 int=5 priming=0 ready=5 spec=0 demoted=0 decode_ms=11.7
[tick] act=5 int=5 priming=0 ready=5 spec=0 demoted=0 decode_ms=11.7
[tick] act=5 int=5 priming=0 ready=5 spec=0 demoted=0 decode_ms=11.7
[tick] act=5 int=5 priming=0 ready=5 spec=0 demoted=0 decode_ms=11.7
[tick] act=5 int=5 priming=0 ready=5 spec=0 demoted=0 decode_ms=11.7
[tick] act=5 int=5 priming=0 ready=5 spec=0 demoted=0 decode_ms=11.6
[tick] act=5 int=5 priming=0 ready=5 spec=0 demoted=0 decode_ms=11.6
[tick] act=5 int=5 priming=0 ready=5 spec=0 demoted=0 decode_ms=11.7
[tick] act=5 int=5 priming=0 ready=5 spec=0 demoted=0 decode_ms=11.7
[tick] act=5 int=5 priming=0 ready=5 spec=0 demoted=0 decode_ms=11.7
[tick] act=5 int=5 priming=0 ready=5 spec=0 demoted=0 decode_ms=11.6
[tick] act=5 int=5 priming=0 ready=5 spec=0 demoted=0 decode_ms=11.6
[tick] act=5 int=5 priming=0 ready=5 spec=0 demoted=0 decode_ms=11.7
[tick] act=5 int=5 priming=0 ready=5 spec=0 demoted=0 decode_ms=11.7
[tick] act=5 int=5 priming=0 ready=5 spec=0 demoted=0 decode_ms=11.7
[tick] act=5 int=5 priming=0 ready=5 spec=0 demoted=0 decode_ms=11.7
[tick] act=5 int=5 priming=0 ready=5 spec=0 demoted=0 decode_ms=11.7
[tick] act=5 int=5 priming=0 ready=5 spec=0 demoted=0 decode_ms=11.6
[tick] act=5 int=5 priming=0 ready=5 spec=0 demoted=0 decode_ms=11.6
[tick] act=5 int=5 priming=0 ready=5 spec=0 demoted=0 decode_ms=11.7
[tick] act=5 int=5 priming=0 ready=5 spec=0 demoted=0 decode_ms=11.7
[tick] act=5 int=5 priming=0 ready=5 spec=0 demoted=0 decode_ms=11.7
[tick] act=5 int=5 priming=0 ready=5 spec=0 demoted=0 decode_ms=11.6
[tick] act=5 int=5 priming=0 ready=5 spec=0 demoted=0 decode_ms=11.6
[tick] act=5 int=5 priming=0 ready=5 spec=0 demoted=0 decode_ms=11.7
[tick] act=5 int=5 priming=0 ready=5 spec=0 demoted=0 decode_ms=11.7
[tick] act=5 int=5 priming=0 ready=5 spec=0 demoted=0 decode_ms=11.7
[tick] act=5 int=5 priming=0 ready=5 spec=0 demoted=0 decode_ms=11.7
[tick] act=5 int=5 priming=0 ready=5 spec=0 demoted=0 decode_ms=11.7
[tick] act=5 int=5 priming=0 ready=5 spec=0 demoted=0 decode_ms=11.7
[tick] act=5 int=5 priming=0 ready=5 spec=0 demoted=0 decode_ms=11.6
[tick] act=5 int=5 priming=0 ready=5 spec=0 demoted=0 decode_ms=11.6
[tick] act=5 int=5 priming=0 ready=5 spec=0 demoted=0 decode_ms=11.6
[tick] act=5 int=5 priming=0 ready=5 spec=0 demoted=0 decode_ms=11.7
[tick] act=5 int=5 priming=0 ready=5 spec=0 demoted=0 decode_ms=11.7
[tick] act=5 int=5 priming=0 ready=5 spec=0 demoted=0 decode_ms=11.6
[tick] act=5 int=5 priming=0 ready=5 spec=0 demoted=0 decode_ms=11.6
[tick] act=5 int=5 priming=0 ready=5 spec=0 demoted=0 decode_ms=11.7
[tick] act=5 int=5 priming=0 ready=5 spec=0 demoted=0 decode_ms=11.7
[tick] act=5 int=5 priming=0 ready=5 spec=0 demoted=0 decode_ms=11.6
[tick] act=5 int=5 priming=0 ready=5 spec=0 demoted=0 decode_ms=11.6
[tick] act=5 int=5 priming=0 ready=5 spec=0 demoted=0 decode_ms=11.6
[tick] act=5 int=5 priming=0 ready=5 spec=0 demoted=0 decode_ms=11.7
[tick] act=5 int=5 priming=0 ready=5 spec=0 demoted=0 decode_ms=11.7
[tick] act=5 int=5 priming=0 ready=5 spec=0 demoted=0 decode_ms=11.7
[tick] act=5 int=5 priming=0 ready=5 spec=0 demoted=0 decode_ms=11.6
[tick] act=5 int=5 priming=0 ready=5 spec=0 demoted=0 decode_ms=11.7
[tick] act=5 int=5 priming=0 ready=5 spec=0 demoted=0 decode_ms=11.6
[tick] act=5 int=5 priming=0 ready=5 spec=0 demoted=0 decode_ms=11.7
[tick] act=5 int=5 priming=0 ready=5 spec=0 demoted=0 decode_ms=11.6
[tick] act=5 int=5 priming=0 ready=5 spec=0 demoted=0 decode_ms=11.7
[tick] act=5 int=5 priming=0 ready=5 spec=0 demoted=0 decode_ms=11.7
[tick] act=5 int=5 priming=0 ready=5 spec=0 demoted=0 decode_ms=11.7
[tick] act=5 int=5 priming=0 ready=5 spec=0 demoted=0 decode_ms=11.6
[tick] act=5 int=5 priming=0 ready=5 spec=0 demoted=0 decode_ms=11.6
[tick] act=5 int=5 priming=0 ready=5 spec=0 demoted=0 decode_ms=11.6
[tick] act=5 int=5 priming=0 ready=5 spec=0 demoted=0 decode_ms=11.7
[tick] act=5 int=5 priming=0 ready=5 spec=0 demoted=0 decode_ms=11.7
[tick] act=5 int=5 priming=0 ready=5 spec=0 demoted=0 decode_ms=11.7
[tick] act=5 int=5 priming=0 ready=5 spec=0 demoted=0 decode_ms=11.7
[tick] act=5 int=5 priming=0 ready=5 spec=0 demoted=0 decode_ms=11.7
[tick] act=5 int=5 priming=0 ready=5 spec=0 demoted=0 decode_ms=11.7
[tick] act=5 int=5 priming=0 ready=5 spec=0 demoted=0 decode_ms=11.7
[tick] act=5 int=5 priming=0 ready=5 spec=0 demoted=0 decode_ms=11.7
[tick] act=5 int=5 priming=0 ready=5 spec=0 demoted=0 decode_ms=11.7
[tick] act=5 int=5 priming=0 ready=5 spec=0 demoted=0 decode_ms=11.7
[tick] act=5 int=5 priming=0 ready=5 spec=0 demoted=0 decode_ms=11.7
[tick] act=5 int=5 priming=0 ready=5 spec=0 demoted=0 decode_ms=11.7
[tick] act=5 int=5 priming=0 ready=5 spec=0 demoted=0 decode_ms=11.7
[tick] act=5 int=5 priming=0 ready=5 spec=0 demoted=0 decode_ms=11.7
[tick] act=5 int=5 priming=0 ready=5 spec=0 demoted=0 decode_ms=11.7
[tick] act=5 int=5 priming=0 ready=5 spec=0 demoted=0 decode_ms=11.7
[tick] act=5 int=5 priming=0 ready=5 spec=0 demoted=0 decode_ms=11.7
[tick] act=5 int=5 priming=0 ready=5 spec=0 demoted=0 decode_ms=11.7
[tick] act=5 int=5 priming=0 ready=5 spec=0 demoted=0 decode_ms=11.7
[tick] act=5 int=5 priming=0 ready=5 spec=0 demoted=0 decode_ms=11.7
[tick] act=5 int=5 priming=0 ready=5 spec=0 demoted=0 decode_ms=11.7
[tick] act=5 int=5 priming=0 ready=5 spec=0 demoted=0 decode_ms=11.7
[tick] act=5 int=5 priming=0 ready=5 spec=0 demoted=0 decode_ms=11.7
[tick] act=5 int=5 priming=0 ready=5 spec=0 demoted=0 decode_ms=11.7
[tick] act=5 int=5 priming=0 ready=5 spec=0 demoted=0 decode_ms=11.7
[tick] act=5 int=5 priming=0 ready=5 spec=0 demoted=0 decode_ms=11.7
[tick] act=5 int=5 priming=0 ready=5 spec=0 demoted=0 decode_ms=11.7
[tick] act=5 int=5 priming=0 ready=5 spec=0 demoted=0 decode_ms=11.7
[tick] act=5 int=5 priming=0 ready=5 spec=0 demoted=0 decode_ms=11.7
[tick] act=5 int=5 priming=0 ready=5 spec=0 demoted=0 decode_ms=11.7
[tick] act=5 int=5 priming=0 ready=5 spec=0 demoted=0 decode_ms=11.7
[tick] act=5 int=5 priming=0 ready=5 spec=0 demoted=0 decode_ms=11.7
[tick] act=5 int=5 priming=0 ready=5 spec=0 demoted=0 decode_ms=11.6
[tick] act=5 int=5 priming=0 ready=5 spec=0 demoted=0 decode_ms=11.7
[tick] act=5 int=5 priming=0 ready=5 spec=0 demoted=0 decode_ms=11.7
[tick] act=5 int=5 priming=0 ready=5 spec=0 demoted=0 decode_ms=11.7
[tick] act=5 int=5 priming=0 ready=5 spec=0 demoted=0 decode_ms=11.8
[tick] act=5 int=5 priming=0 ready=5 spec=0 demoted=0 decode_ms=11.8
[tick] act=5 int=5 priming=0 ready=5 spec=0 demoted=0 decode_ms=12.0
[tick] act=5 int=5 priming=0 ready=5 spec=0 demoted=0 decode_ms=11.7
[tick] act=5 int=5 priming=0 ready=5 spec=0 demoted=0 decode_ms=11.7
[tick] act=5 int=5 priming=0 ready=5 spec=0 demoted=0 decode_ms=11.7
[tick] act=5 int=5 priming=0 ready=5 spec=0 demoted=0 decode_ms=11.7
[tick] act=5 int=5 priming=0 ready=5 spec=0 demoted=0 decode_ms=11.7
[tick] act=5 int=5 priming=0 ready=5 spec=0 demoted=0 decode_ms=11.7
[tick] act=5 int=5 priming=0 ready=5 spec=0 demoted=0 decode_ms=11.7
[tick] act=5 int=5 priming=0 ready=5 spec=0 demoted=0 decode_ms=11.7
[tick] act=5 int=5 priming=0 ready=5 spec=0 demoted=0 decode_ms=11.7
[tick] act=5 int=5 priming=0 ready=5 spec=0 demoted=0 decode_ms=11.7
[tick] act=5 int=5 priming=0 ready=5 spec=0 demoted=0 decode_ms=11.7
[tick] act=5 int=5 priming=0 ready=5 spec=0 demoted=0 decode_ms=11.7
[tick] act=5 int=5 priming=0 ready=5 spec=0 demoted=0 decode_ms=11.7
[tick] act=5 int=5 priming=0 ready=5 spec=0 demoted=0 decode_ms=11.7
[tick] act=5 int=5 priming=0 ready=5 spec=0 demoted=0 decode_ms=11.7
[tick] act=5 int=5 priming=0 ready=5 spec=0 demoted=0 decode_ms=11.7
[tick] act=5 int=5 priming=0 ready=5 spec=0 demoted=0 decode_ms=11.7
[tick] act=5 int=5 priming=0 ready=5 spec=0 demoted=0 decode_ms=11.7
[tick] act=5 int=5 priming=0 ready=5 spec=0 demoted=0 decode_ms=11.8
[tick] act=5 int=5 priming=0 ready=5 spec=0 demoted=0 decode_ms=11.8
[tick] act=5 int=5 priming=0 ready=5 spec=0 demoted=0 decode_ms=11.7
[tick] act=5 int=5 priming=0 ready=5 spec=0 demoted=0 decode_ms=11.7
[tick] act=5 int=5 priming=0 ready=5 spec=0 demoted=0 decode_ms=11.7
[tick] act=5 int=5 priming=0 ready=5 spec=0 demoted=0 decode_ms=11.7
[tick] act=5 int=5 priming=0 ready=5 spec=0 demoted=0 decode_ms=11.7
[tick] act=5 int=5 priming=0 ready=5 spec=0 demoted=0 decode_ms=11.8
[tick] act=5 int=5 priming=0 ready=5 spec=0 demoted=0 decode_ms=11.8
[tick] act=5 int=5 priming=0 ready=5 spec=0 demoted=0 decode_ms=11.8
[tick] act=5 int=5 priming=0 ready=5 spec=0 demoted=0 decode_ms=11.8
[tick] act=5 int=5 priming=0 ready=5 spec=0 demoted=0 decode_ms=11.8
[tick] act=5 int=5 priming=0 ready=5 spec=0 demoted=0 decode_ms=11.7
[tick] act=5 int=5 priming=0 ready=5 spec=0 demoted=0 decode_ms=11.8
[tick] act=5 int=5 priming=0 ready=5 spec=0 demoted=0 decode_ms=11.8
[tick] act=5 int=5 priming=0 ready=5 spec=0 demoted=0 decode_ms=11.8
[tick] act=5 int=5 priming=0 ready=5 spec=0 demoted=0 decode_ms=11.8
[tick] act=5 int=5 priming=0 ready=5 spec=0 demoted=0 decode_ms=11.8
[tick] act=5 int=5 priming=0 ready=5 spec=0 demoted=0 decode_ms=11.8
[tick] act=5 int=5 priming=0 ready=5 spec=0 demoted=0 decode_ms=11.8
[tick] act=5 int=5 priming=0 ready=5 spec=0 demoted=0 decode_ms=11.8
[tick] act=5 int=5 priming=0 ready=5 spec=0 demoted=0 decode_ms=11.8
[tick] act=5 int=5 priming=0 ready=5 spec=0 demoted=0 decode_ms=11.8
[tick] act=5 int=5 priming=0 ready=5 spec=0 demoted=0 decode_ms=11.8
[tick] act=5 int=5 priming=0 ready=5 spec=0 demoted=0 decode_ms=11.8
[tick] act=5 int=5 priming=0 ready=5 spec=0 demoted=0 decode_ms=11.8
[tick] act=5 int=5 priming=0 ready=5 spec=0 demoted=0 decode_ms=11.8
[tick] act=5 int=5 priming=0 ready=5 spec=0 demoted=0 decode_ms=11.7
[tick] act=5 int=5 priming=0 ready=5 spec=0 demoted=0 decode_ms=11.7
[tick] act=5 int=5 priming=0 ready=5 spec=0 demoted=0 decode_ms=11.8
[tick] act=5 int=5 priming=0 ready=5 spec=0 demoted=0 decode_ms=11.8
[tick] act=5 int=5 priming=0 ready=5 spec=0 demoted=0 decode_ms=11.8
[tick] act=5 int=5 priming=0 ready=5 spec=0 demoted=0 decode_ms=11.7
[tick] act=5 int=5 priming=0 ready=5 spec=0 demoted=0 decode_ms=11.7
[tick] act=5 int=5 priming=0 ready=5 spec=0 demoted=0 decode_ms=11.7
[tick] act=5 int=5 priming=0 ready=5 spec=0 demoted=0 decode_ms=11.7
[tick] act=5 int=5 priming=0 ready=5 spec=0 demoted=0 decode_ms=11.8
[tick] act=5 int=5 priming=0 ready=5 spec=0 demoted=0 decode_ms=11.8
[tick] act=5 int=5 priming=0 ready=5 spec=0 demoted=0 decode_ms=11.7
[tick] act=5 int=5 priming=0 ready=5 spec=0 demoted=0 decode_ms=11.8
[tick] act=5 int=5 priming=0 ready=5 spec=0 demoted=0 decode_ms=11.8
[tick] act=5 int=5 priming=0 ready=5 spec=0 demoted=0 decode_ms=11.7
[tick] act=5 int=5 priming=0 ready=5 spec=0 demoted=0 decode_ms=11.7
[tick] act=5 int=5 priming=0 ready=5 spec=0 demoted=0 decode_ms=11.7
[tick] act=5 int=5 priming=0 ready=5 spec=0 demoted=0 decode_ms=11.7
[tick] act=5 int=5 priming=0 ready=5 spec=0 demoted=0 decode_ms=11.7
[tick] act=5 int=5 priming=0 ready=5 spec=0 demoted=0 decode_ms=11.7
[tick] act=5 int=5 priming=0 ready=5 spec=0 demoted=0 decode_ms=11.8
[tick] act=5 int=5 priming=0 ready=5 spec=0 demoted=0 decode_ms=11.8
[tick] act=5 int=5 priming=0 ready=5 spec=0 demoted=0 decode_ms=11.7
[tick] act=5 int=5 priming=0 ready=5 spec=0 demoted=0 decode_ms=11.7
[tick] act=5 int=5 priming=0 ready=5 spec=0 demoted=0 decode_ms=11.7
[tick] act=5 int=5 priming=0 ready=5 spec=0 demoted=0 decode_ms=11.8
[tick] act=5 int=5 priming=0 ready=5 spec=0 demoted=0 decode_ms=11.8
[tick] act=5 int=5 priming=0 ready=5 spec=0 demoted=0 decode_ms=11.7
[tick] act=5 int=5 priming=0 ready=5 spec=0 demoted=0 decode_ms=11.8
[tick] act=5 int=5 priming=0 ready=5 spec=0 demoted=0 decode_ms=11.8
[tick] act=5 int=5 priming=0 ready=5 spec=0 demoted=0 decode_ms=11.7
[tick] act=5 int=5 priming=0 ready=5 spec=0 demoted=0 decode_ms=11.8
[tick] act=5 int=5 priming=0 ready=5 spec=0 demoted=0 decode_ms=11.7
[tick] act=5 int=5 priming=0 ready=5 spec=0 demoted=0 decode_ms=11.8
[tick] act=5 int=5 priming=0 ready=5 spec=0 demoted=0 decode_ms=11.8
[tick] act=5 int=5 priming=0 ready=5 spec=0 demoted=0 decode_ms=11.7
[tick] act=5 int=5 priming=0 ready=5 spec=0 demoted=0 decode_ms=11.7
[tick] act=5 int=5 priming=0 ready=5 spec=0 demoted=0 decode_ms=11.8
[tick] act=5 int=5 priming=0 ready=5 spec=0 demoted=0 decode_ms=11.8
[tick] act=5 int=5 priming=0 ready=5 spec=0 demoted=0 decode_ms=11.8
[tick] act=5 int=5 priming=0 ready=5 spec=0 demoted=0 decode_ms=11.8
[tick] act=5 int=5 priming=0 ready=5 spec=0 demoted=0 decode_ms=11.8
[tick] act=5 int=5 priming=0 ready=5 spec=0 demoted=0 decode_ms=11.8
[tick] act=5 int=5 priming=0 ready=5 spec=0 demoted=0 decode_ms=11.7
[tick] act=5 int=5 priming=0 ready=5 spec=0 demoted=0 decode_ms=11.7
[tick] act=5 int=5 priming=0 ready=5 spec=0 demoted=0 decode_ms=11.7
[tick] act=5 int=5 priming=0 ready=5 spec=0 demoted=0 decode_ms=11.8
[tick] act=5 int=5 priming=0 ready=5 spec=0 demoted=0 decode_ms=12.3
[tick] act=5 int=5 priming=0 ready=5 spec=0 demoted=0 decode_ms=12.3
[tick] act=5 int=5 priming=0 ready=5 spec=0 demoted=0 decode_ms=12.2
[tick] act=5 int=5 priming=0 ready=5 spec=0 demoted=0 decode_ms=12.2
[tick] act=5 int=5 priming=0 ready=5 spec=0 demoted=0 decode_ms=12.2
[tick] act=5 int=5 priming=0 ready=5 spec=0 demoted=0 decode_ms=12.2
[tick] act=5 int=5 priming=0 ready=5 spec=0 demoted=0 decode_ms=12.2
[tick] act=5 int=5 priming=0 ready=5 spec=0 demoted=0 decode_ms=12.1
[tick] act=5 int=5 priming=0 ready=5 spec=0 demoted=0 decode_ms=12.1
[tick] act=5 int=5 priming=0 ready=5 spec=0 demoted=0 decode_ms=12.2
[tick] act=5 int=5 priming=0 ready=5 spec=0 demoted=0 decode_ms=12.2
[tick] act=5 int=5 priming=0 ready=5 spec=0 demoted=0 decode_ms=12.2
[tick] act=5 int=5 priming=0 ready=5 spec=0 demoted=0 decode_ms=12.1
[tick] act=5 int=5 priming=0 ready=5 spec=0 demoted=0 decode_ms=12.1
[tick] act=5 int=5 priming=0 ready=5 spec=0 demoted=0 decode_ms=12.2
[tick] act=5 int=5 priming=0 ready=5 spec=0 demoted=0 decode_ms=12.2
[tick] act=5 int=5 priming=0 ready=5 spec=0 demoted=0 decode_ms=12.2
[tick] act=5 int=5 priming=0 ready=5 spec=0 demoted=0 decode_ms=12.1
[tick] act=5 int=5 priming=0 ready=5 spec=0 demoted=0 decode_ms=12.1
[tick] act=5 int=5 priming=0 ready=5 spec=0 demoted=0 decode_ms=12.1
[tick] act=5 int=5 priming=0 ready=5 spec=0 demoted=0 decode_ms=12.1
[tick] act=5 int=5 priming=0 ready=5 spec=0 demoted=0 decode_ms=12.1
[tick] act=5 int=5 priming=0 ready=5 spec=0 demoted=0 decode_ms=12.1
[tick] act=5 int=5 priming=0 ready=5 spec=0 demoted=0 decode_ms=12.1
[tick] act=5 int=5 priming=0 ready=5 spec=0 demoted=0 decode_ms=12.2
[tick] act=5 int=5 priming=0 ready=5 spec=0 demoted=0 decode_ms=12.1
[tick] act=5 int=5 priming=0 ready=5 spec=0 demoted=0 decode_ms=12.1
[tick] act=5 int=5 priming=0 ready=5 spec=0 demoted=0 decode_ms=12.2
[tick] act=5 int=5 priming=0 ready=5 spec=0 demoted=0 decode_ms=12.2
[tick] act=5 int=5 priming=0 ready=5 spec=0 demoted=0 decode_ms=12.2
[tick] act=5 int=5 priming=0 ready=5 spec=0 demoted=0 decode_ms=12.1
[tick] act=5 int=5 priming=0 ready=5 spec=0 demoted=0 decode_ms=12.1
[tick] act=5 int=5 priming=0 ready=5 spec=0 demoted=0 decode_ms=12.2
[tick] act=5 int=5 priming=0 ready=5 spec=0 demoted=0 decode_ms=12.2
[tick] act=5 int=5 priming=0 ready=5 spec=0 demoted=0 decode_ms=12.2
[tick] act=5 int=5 priming=0 ready=5 spec=0 demoted=0 decode_ms=12.1
[tick] act=5 int=5 priming=0 ready=5 spec=0 demoted=0 decode_ms=12.1
[tick] act=5 int=5 priming=0 ready=5 spec=0 demoted=0 decode_ms=12.2
[tick] act=5 int=5 priming=0 ready=5 spec=0 demoted=0 decode_ms=12.2
[tick] act=5 int=5 priming=0 ready=5 spec=0 demoted=0 decode_ms=12.2
[tick] act=5 int=5 priming=0 ready=5 spec=0 demoted=0 decode_ms=12.1
[tick] act=5 int=5 priming=0 ready=5 spec=0 demoted=0 decode_ms=12.2
[tick] act=5 int=5 priming=0 ready=5 spec=0 demoted=0 decode_ms=12.2
[tick] act=5 int=5 priming=0 ready=5 spec=0 demoted=0 decode_ms=12.2
[tick] act=5 int=5 priming=0 ready=5 spec=0 demoted=0 decode_ms=12.2
[tick] act=5 int=5 priming=0 ready=5 spec=0 demoted=0 decode_ms=12.1
[tick] act=5 int=5 priming=0 ready=5 spec=0 demoted=0 decode_ms=12.2
[tick] act=5 int=5 priming=0 ready=5 spec=0 demoted=0 decode_ms=12.2
[tick] act=5 int=5 priming=0 ready=5 spec=0 demoted=0 decode_ms=12.1
[tick] act=5 int=5 priming=0 ready=5 spec=0 demoted=0 decode_ms=12.1
[tick] act=5 int=5 priming=0 ready=5 spec=0 demoted=0 decode_ms=12.2
[tick] act=5 int=5 priming=0 ready=5 spec=0 demoted=0 decode_ms=12.2
[tick] act=5 int=5 priming=0 ready=5 spec=0 demoted=0 decode_ms=12.2
[tick] act=5 int=5 priming=0 ready=5 spec=0 demoted=0 decode_ms=12.2
[tick] act=5 int=5 priming=0 ready=5 spec=0 demoted=0 decode_ms=12.1
[tick] act=5 int=5 priming=0 ready=5 spec=0 demoted=0 decode_ms=12.2
[tick] act=5 int=5 priming=0 ready=5 spec=0 demoted=0 decode_ms=12.2
[tick] act=5 int=5 priming=0 ready=5 spec=0 demoted=0 decode_ms=12.2
[tick] act=5 int=5 priming=0 ready=5 spec=0 demoted=0 decode_ms=12.1
[tick] act=5 int=5 priming=0 ready=5 spec=0 demoted=0 decode_ms=12.1
[tick] act=5 int=5 priming=0 ready=5 spec=0 demoted=0 decode_ms=12.2
[tick] act=5 int=5 priming=0 ready=5 spec=0 demoted=0 decode_ms=12.2
[tick] act=5 int=5 priming=0 ready=5 spec=0 demoted=0 decode_ms=12.2
[tick] act=5 int=5 priming=0 ready=5 spec=0 demoted=0 decode_ms=12.1
[tick] act=5 int=5 priming=0 ready=5 spec=0 demoted=0 decode_ms=12.2
[tick] act=5 int=5 priming=0 ready=5 spec=0 demoted=0 decode_ms=12.2
[tick] act=5 int=5 priming=0 ready=5 spec=0 demoted=0 decode_ms=12.2
[tick] act=5 int=5 priming=0 ready=5 spec=0 demoted=0 decode_ms=12.2
[tick] act=5 int=5 priming=0 ready=5 spec=0 demoted=0 decode_ms=12.2
[tick] act=5 int=5 priming=0 ready=5 spec=0 demoted=0 decode_ms=12.2
[tick] act=5 int=5 priming=0 ready=5 spec=0 demoted=0 decode_ms=12.3
[tick] act=5 int=5 priming=0 ready=5 spec=0 demoted=0 decode_ms=12.2
[tick] act=5 int=5 priming=0 ready=5 spec=0 demoted=0 decode_ms=12.2
[tick] act=5 int=5 priming=0 ready=5 spec=0 demoted=0 decode_ms=12.2
[tick] act=5 int=5 priming=0 ready=5 spec=0 demoted=0 decode_ms=12.3
[tick] act=5 int=5 priming=0 ready=5 spec=0 demoted=0 decode_ms=12.3
[tick] act=5 int=5 priming=0 ready=5 spec=0 demoted=0 decode_ms=12.3
[tick] act=5 int=5 priming=0 ready=5 spec=0 demoted=0 decode_ms=12.2
[tick] act=5 int=5 priming=0 ready=5 spec=0 demoted=0 decode_ms=12.3
[tick] act=5 int=5 priming=0 ready=5 spec=0 demoted=0 decode_ms=12.3
[tick] act=5 int=5 priming=0 ready=5 spec=0 demoted=0 decode_ms=12.3
[tick] act=5 int=5 priming=0 ready=5 spec=0 demoted=0 decode_ms=12.2
[tick] act=5 int=5 priming=0 ready=5 spec=0 demoted=0 decode_ms=12.2
[tick] act=5 int=5 priming=0 ready=5 spec=0 demoted=0 decode_ms=12.2
[tick] act=5 int=5 priming=0 ready=5 spec=0 demoted=0 decode_ms=12.2
[tick] act=5 int=5 priming=0 ready=5 spec=0 demoted=0 decode_ms=12.2
[tick] act=5 int=5 priming=0 ready=5 spec=0 demoted=0 decode_ms=12.3
[tick] act=5 int=5 priming=0 ready=5 spec=0 demoted=0 decode_ms=12.3
[tick] act=5 int=5 priming=0 ready=5 spec=0 demoted=0 decode_ms=12.3
[tick] act=5 int=5 priming=0 ready=5 spec=0 demoted=0 decode_ms=12.2
[tick] act=5 int=5 priming=0 ready=5 spec=0 demoted=0 decode_ms=12.2
[tick] act=5 int=5 priming=0 ready=5 spec=0 demoted=0 decode_ms=11.6
[tick] act=5 int=5 priming=0 ready=5 spec=0 demoted=0 decode_ms=11.7
[tick] act=5 int=5 priming=0 ready=5 spec=0 demoted=0 decode_ms=11.7
[tick] act=5 int=5 priming=0 ready=5 spec=0 demoted=0 decode_ms=11.7
[tick] act=5 int=5 priming=0 ready=5 spec=0 demoted=0 decode_ms=11.7
[tick] act=5 int=5 priming=0 ready=5 spec=0 demoted=0 decode_ms=11.7
[tick] act=5 int=5 priming=0 ready=5 spec=0 demoted=0 decode_ms=11.7
[tick] act=5 int=5 priming=0 ready=5 spec=0 demoted=0 decode_ms=11.8
[tick] act=5 int=5 priming=0 ready=5 spec=0 demoted=0 decode_ms=11.7
[tick] act=5 int=5 priming=0 ready=5 spec=0 demoted=0 decode_ms=11.7
[tick] act=5 int=5 priming=0 ready=5 spec=0 demoted=0 decode_ms=11.7
[tick] act=5 int=5 priming=0 ready=5 spec=0 demoted=0 decode_ms=11.7
[tick] act=5 int=5 priming=0 ready=5 spec=0 demoted=0 decode_ms=11.7
[tick] act=5 int=5 priming=0 ready=5 spec=0 demoted=0 decode_ms=11.7
[tick] act=5 int=5 priming=0 ready=5 spec=0 demoted=0 decode_ms=11.8
[tick] act=5 int=5 priming=0 ready=5 spec=0 demoted=0 decode_ms=11.7
[tick] act=5 int=5 priming=0 ready=5 spec=0 demoted=0 decode_ms=11.7
[tick] act=5 int=5 priming=0 ready=5 spec=0 demoted=0 decode_ms=11.7
[tick] act=5 int=5 priming=0 ready=5 spec=0 demoted=0 decode_ms=11.8
[tick] act=5 int=5 priming=0 ready=5 spec=0 demoted=0 decode_ms=11.8
[tick] act=5 int=5 priming=0 ready=5 spec=0 demoted=0 decode_ms=11.7
[tick] act=5 int=5 priming=0 ready=5 spec=0 demoted=0 decode_ms=11.7
[tick] act=5 int=5 priming=0 ready=5 spec=0 demoted=0 decode_ms=11.8
[tick] act=5 int=5 priming=0 ready=5 spec=0 demoted=0 decode_ms=11.7
[tick] act=5 int=5 priming=0 ready=5 spec=0 demoted=0 decode_ms=11.7
[tick] act=5 int=5 priming=0 ready=5 spec=0 demoted=0 decode_ms=11.7
[tick] act=5 int=5 priming=0 ready=5 spec=0 demoted=0 decode_ms=11.7
[tick] act=5 int=5 priming=0 ready=5 spec=0 demoted=0 decode_ms=11.7
[tick] act=5 int=5 priming=0 ready=5 spec=0 demoted=0 decode_ms=11.7
[tick] act=5 int=5 priming=0 ready=5 spec=0 demoted=0 decode_ms=11.8
[tick] act=5 int=5 priming=0 ready=5 spec=0 demoted=0 decode_ms=11.8
[tick] act=5 int=5 priming=0 ready=5 spec=0 demoted=0 decode_ms=11.8
[tick] act=5 int=5 priming=0 ready=5 spec=0 demoted=0 decode_ms=11.7
[tick] act=5 int=5 priming=0 ready=5 spec=0 demoted=0 decode_ms=11.7
[tick] act=5 int=5 priming=0 ready=5 spec=0 demoted=0 decode_ms=11.7
[tick] act=5 int=5 priming=0 ready=5 spec=0 demoted=0 decode_ms=11.8
[tick] act=5 int=5 priming=0 ready=5 spec=0 demoted=0 decode_ms=11.8
[tick] act=5 int=5 priming=0 ready=5 spec=0 demoted=0 decode_ms=11.8
[tick] act=5 int=5 priming=0 ready=5 spec=0 demoted=0 decode_ms=11.7
[tick] act=5 int=5 priming=0 ready=5 spec=0 demoted=0 decode_ms=11.7
[tick] act=5 int=5 priming=0 ready=5 spec=0 demoted=0 decode_ms=11.7
[tick] act=5 int=5 priming=0 ready=5 spec=0 demoted=0 decode_ms=11.8
[tick] act=5 int=5 priming=0 ready=5 spec=0 demoted=0 decode_ms=11.8
[tick] act=5 int=5 priming=0 ready=5 spec=0 demoted=0 decode_ms=11.7
[tick] act=5 int=5 priming=0 ready=5 spec=0 demoted=0 decode_ms=11.7
[tick] act=5 int=5 priming=0 ready=5 spec=0 demoted=0 decode_ms=11.7
[tick] act=5 int=5 priming=0 ready=5 spec=0 demoted=0 decode_ms=11.8
[tick] act=5 int=5 priming=0 ready=5 spec=0 demoted=0 decode_ms=11.8
[tick] act=5 int=5 priming=0 ready=5 spec=0 demoted=0 decode_ms=11.8
[tick] act=5 int=5 priming=0 ready=5 spec=0 demoted=0 decode_ms=11.7
[tick] act=5 int=5 priming=0 ready=5 spec=0 demoted=0 decode_ms=11.7
[tick] act=5 int=5 priming=0 ready=5 spec=0 demoted=0 decode_ms=11.8
[tick] act=5 int=5 priming=0 ready=5 spec=0 demoted=0 decode_ms=11.8
[tick] act=5 int=5 priming=0 ready=5 spec=0 demoted=0 decode_ms=11.8
[tick] act=5 int=5 priming=0 ready=5 spec=0 demoted=0 decode_ms=11.8
[tick] act=5 int=5 priming=0 ready=5 spec=0 demoted=0 decode_ms=11.7
[tick] act=5 int=5 priming=0 ready=5 spec=0 demoted=0 decode_ms=11.7
[tick] act=5 int=5 priming=0 ready=5 spec=0 demoted=0 decode_ms=11.8
[tick] act=5 int=5 priming=0 ready=5 spec=0 demoted=0 decode_ms=11.8
[tick] act=5 int=5 priming=0 ready=5 spec=0 demoted=0 decode_ms=11.8
[tick] act=5 int=5 priming=0 ready=5 spec=0 demoted=0 decode_ms=11.8
[tick] act=5 int=5 priming=0 ready=5 spec=0 demoted=0 decode_ms=11.7
[tick] act=5 int=5 priming=0 ready=5 spec=0 demoted=0 decode_ms=11.7
[tick] act=5 int=5 priming=0 ready=5 spec=0 demoted=0 decode_ms=11.7
[tick] act=5 int=5 priming=0 ready=5 spec=0 demoted=0 decode_ms=11.8
[tick] act=5 int=5 priming=0 ready=5 spec=0 demoted=0 decode_ms=11.8
[tick] act=5 int=5 priming=0 ready=5 spec=0 demoted=0 decode_ms=11.7
[tick] act=5 int=5 priming=0 ready=5 spec=0 demoted=0 decode_ms=11.7
[tick] act=5 int=5 priming=0 ready=5 spec=0 demoted=0 decode_ms=11.7
[tick] act=5 int=5 priming=0 ready=5 spec=0 demoted=0 decode_ms=11.8
[tick] act=5 int=5 priming=0 ready=5 spec=0 demoted=0 decode_ms=11.8
[tick] act=5 int=5 priming=0 ready=5 spec=0 demoted=0 decode_ms=11.8
[tick] act=5 int=5 priming=0 ready=5 spec=0 demoted=0 decode_ms=11.7
[tick] act=5 int=5 priming=0 ready=5 spec=0 demoted=0 decode_ms=11.8
[tick] act=5 int=5 priming=0 ready=5 spec=0 demoted=0 decode_ms=11.7
[tick] act=5 int=5 priming=0 ready=5 spec=0 demoted=0 decode_ms=11.7
[tick] act=5 int=5 priming=0 ready=5 spec=0 demoted=0 decode_ms=11.8
[tick] act=5 int=5 priming=0 ready=5 spec=0 demoted=0 decode_ms=11.8
[tick] act=5 int=5 priming=0 ready=5 spec=0 demoted=0 decode_ms=11.7
[tick] act=5 int=5 priming=0 ready=5 spec=0 demoted=0 decode_ms=11.7
[tick] act=5 int=5 priming=0 ready=5 spec=0 demoted=0 decode_ms=11.8
[tick] act=5 int=5 priming=0 ready=5 spec=0 demoted=0 decode_ms=11.8
[tick] act=5 int=5 priming=0 ready=5 spec=0 demoted=0 decode_ms=11.8
[tick] act=5 int=5 priming=0 ready=5 spec=0 demoted=0 decode_ms=11.7
[tick] act=5 int=5 priming=0 ready=5 spec=0 demoted=0 decode_ms=11.7
[tick] act=5 int=5 priming=0 ready=5 spec=0 demoted=0 decode_ms=11.7
[tick] act=5 int=5 priming=0 ready=5 spec=0 demoted=0 decode_ms=11.8
[tick] act=5 int=5 priming=0 ready=5 spec=0 demoted=0 decode_ms=11.8
[tick] act=5 int=5 priming=0 ready=5 spec=0 demoted=0 decode_ms=11.8
[tick] act=5 int=5 priming=0 ready=5 spec=0 demoted=0 decode_ms=11.7
[tick] act=5 int=5 priming=0 ready=5 spec=0 demoted=0 decode_ms=11.7
[tick] act=5 int=5 priming=0 ready=5 spec=0 demoted=0 decode_ms=11.8
[tick] act=5 int=5 priming=0 ready=5 spec=0 demoted=0 decode_ms=11.8
[tick] act=5 int=5 priming=0 ready=5 spec=0 demoted=0 decode_ms=11.8
[tick] act=5 int=5 priming=0 ready=5 spec=0 demoted=0 decode_ms=11.8
[tick] act=5 int=5 priming=0 ready=5 spec=0 demoted=0 decode_ms=11.8
[tick] act=5 int=5 priming=0 ready=5 spec=0 demoted=0 decode_ms=11.8
[tick] act=5 int=5 priming=0 ready=5 spec=0 demoted=0 decode_ms=11.8
[tick] act=5 int=5 priming=0 ready=5 spec=0 demoted=0 decode_ms=11.7
[tick] act=5 int=5 priming=0 ready=5 spec=0 demoted=0 decode_ms=11.8
[tick] act=5 int=5 priming=0 ready=5 spec=0 demoted=0 decode_ms=11.7
[tick] act=5 int=5 priming=0 ready=5 spec=0 demoted=0 decode_ms=11.7
[tick] act=5 int=5 priming=0 ready=5 spec=0 demoted=0 decode_ms=11.7
[tick] act=5 int=5 priming=0 ready=5 spec=0 demoted=0 decode_ms=11.8
[tick] act=5 int=5 priming=0 ready=5 spec=0 demoted=0 decode_ms=11.8
[tick] act=5 int=5 priming=0 ready=5 spec=0 demoted=0 decode_ms=11.8
[tick] act=5 int=5 priming=0 ready=5 spec=0 demoted=0 decode_ms=11.7
[tick] act=5 int=5 priming=0 ready=5 spec=0 demoted=0 decode_ms=11.8
[tick] act=5 int=5 priming=0 ready=5 spec=0 demoted=0 decode_ms=11.7
[tick] act=5 int=5 priming=0 ready=5 spec=0 demoted=0 decode_ms=11.8
[tick] act=5 int=5 priming=0 ready=5 spec=0 demoted=0 decode_ms=11.8
[tick] act=5 int=5 priming=0 ready=5 spec=0 demoted=0 decode_ms=11.8
[tick] act=5 int=5 priming=0 ready=5 spec=0 demoted=0 decode_ms=11.8
[tick] act=5 int=5 priming=0 ready=5 spec=0 demoted=0 decode_ms=11.8
[tick] act=5 int=5 priming=0 ready=5 spec=0 demoted=0 decode_ms=11.8
[tick] act=5 int=5 priming=0 ready=5 spec=0 demoted=0 decode_ms=11.8
[tick] act=5 int=5 priming=0 ready=5 spec=0 demoted=0 decode_ms=11.8
[tick] act=5 int=5 priming=0 ready=5 spec=0 demoted=0 decode_ms=11.8
[tick] act=5 int=5 priming=0 ready=5 spec=0 demoted=0 decode_ms=11.8
[tick] act=5 int=5 priming=0 ready=5 spec=0 demoted=0 decode_ms=11.8
[tick] act=5 int=5 priming=0 ready=5 spec=0 demoted=0 decode_ms=11.8
[tick] act=5 int=5 priming=0 ready=5 spec=0 demoted=0 decode_ms=11.8
[tick] act=5 int=5 priming=0 ready=5 spec=0 demoted=0 decode_ms=11.8
[tick] act=5 int=5 priming=0 ready=5 spec=0 demoted=0 decode_ms=11.8
[tick] act=5 int=5 priming=0 ready=5 spec=0 demoted=0 decode_ms=11.8
[tick] act=5 int=5 priming=0 ready=5 spec=0 demoted=0 decode_ms=11.8
[tick] act=5 int=5 priming=0 ready=5 spec=0 demoted=0 decode_ms=11.8
[tick] act=5 int=5 priming=0 ready=5 spec=0 demoted=0 decode_ms=11.8
[tick] act=5 int=5 priming=0 ready=5 spec=0 demoted=0 decode_ms=11.8
[tick] act=5 int=5 priming=0 ready=5 spec=0 demoted=0 decode_ms=11.7
[tick] act=5 int=5 priming=0 ready=5 spec=0 demoted=0 decode_ms=11.7
[tick] act=5 int=5 priming=0 ready=5 spec=0 demoted=0 decode_ms=11.8
[tick] act=5 int=5 priming=0 ready=5 spec=0 demoted=0 decode_ms=11.8
[tick] act=5 int=5 priming=0 ready=5 spec=0 demoted=0 decode_ms=11.8
[tick] act=5 int=5 priming=0 ready=5 spec=0 demoted=0 decode_ms=11.7
[tick] act=5 int=5 priming=0 ready=5 spec=0 demoted=0 decode_ms=11.7
[tick] act=5 int=5 priming=0 ready=5 spec=0 demoted=0 decode_ms=11.8
[tick] act=5 int=5 priming=0 ready=5 spec=0 demoted=0 decode_ms=11.8
[tick] act=5 int=5 priming=0 ready=5 spec=0 demoted=0 decode_ms=11.8
[tick] act=5 int=5 priming=0 ready=5 spec=0 demoted=0 decode_ms=11.8
[tick] act=5 int=5 priming=0 ready=5 spec=0 demoted=0 decode_ms=11.8
[tick] act=5 int=5 priming=0 ready=5 spec=0 demoted=0 decode_ms=11.8
[tick] act=5 int=5 priming=0 ready=5 spec=0 demoted=0 decode_ms=11.8
[tick] act=5 int=5 priming=0 ready=5 spec=0 demoted=0 decode_ms=11.8
[tick] act=5 int=5 priming=0 ready=5 spec=0 demoted=0 decode_ms=11.8
[tick] act=5 int=5 priming=0 ready=5 spec=0 demoted=0 decode_ms=11.8
[tick] act=5 int=5 priming=0 ready=5 spec=0 demoted=0 decode_ms=11.7
[tick] act=5 int=5 priming=0 ready=5 spec=0 demoted=0 decode_ms=11.8
[tick] act=5 int=5 priming=0 ready=5 spec=0 demoted=0 decode_ms=11.8
[tick] act=5 int=5 priming=0 ready=5 spec=0 demoted=0 decode_ms=11.8
[tick] act=5 int=5 priming=0 ready=5 spec=0 demoted=0 decode_ms=11.8
[tick] act=5 int=5 priming=0 ready=5 spec=0 demoted=0 decode_ms=11.8
[tick] act=5 int=5 priming=0 ready=5 spec=0 demoted=0 decode_ms=11.8
[tick] act=5 int=5 priming=0 ready=5 spec=0 demoted=0 decode_ms=11.8
[tick] act=5 int=5 priming=0 ready=5 spec=0 demoted=0 decode_ms=11.8
[tick] act=5 int=5 priming=0 ready=5 spec=0 demoted=0 decode_ms=11.8
[tick] act=5 int=5 priming=0 ready=5 spec=0 demoted=0 decode_ms=11.8
[tick] act=5 int=5 priming=0 ready=5 spec=0 demoted=0 decode_ms=11.8
[tick] act=5 int=5 priming=0 ready=5 spec=0 demoted=0 decode_ms=11.8
[tick] act=5 int=5 priming=0 ready=5 spec=0 demoted=0 decode_ms=11.8
[tick] act=5 int=5 priming=0 ready=5 spec=0 demoted=0 decode_ms=11.8
[tick] act=5 int=5 priming=0 ready=5 spec=0 demoted=0 decode_ms=11.8
[tick] act=5 int=5 priming=0 ready=5 spec=0 demoted=0 decode_ms=11.8
[tick] act=5 int=5 priming=0 ready=5 spec=0 demoted=0 decode_ms=11.8
[tick] act=5 int=5 priming=0 ready=5 spec=0 demoted=0 decode_ms=11.8
[tick] act=5 int=5 priming=0 ready=5 spec=0 demoted=0 decode_ms=11.8
[tick] act=5 int=5 priming=0 ready=5 spec=0 demoted=0 decode_ms=11.8
[tick] act=5 int=5 priming=0 ready=5 spec=0 demoted=0 decode_ms=11.8
[tick] act=5 int=5 priming=0 ready=5 spec=0 demoted=0 decode_ms=11.7
[tick] act=5 int=5 priming=0 ready=5 spec=0 demoted=0 decode_ms=11.8
[tick] act=5 int=5 priming=0 ready=5 spec=0 demoted=0 decode_ms=11.8
[tick] act=5 int=5 priming=0 ready=5 spec=0 demoted=0 decode_ms=11.8
[tick] act=5 int=5 priming=0 ready=5 spec=0 demoted=0 decode_ms=11.8
[tick] act=5 int=5 priming=0 ready=5 spec=0 demoted=0 decode_ms=11.8
[tick] act=5 int=5 priming=0 ready=5 spec=0 demoted=0 decode_ms=11.8
[tick] act=5 int=5 priming=0 ready=5 spec=0 demoted=0 decode_ms=11.8
[tick] act=5 int=5 priming=0 ready=5 spec=0 demoted=0 decode_ms=11.8
[tick] act=5 int=5 priming=0 ready=5 spec=0 demoted=0 decode_ms=11.8
[tick] act=5 int=5 priming=0 ready=5 spec=0 demoted=0 decode_ms=11.8
[tick] act=5 int=5 priming=0 ready=5 spec=0 demoted=0 decode_ms=11.8
[tick] act=5 int=5 priming=0 ready=5 spec=0 demoted=0 decode_ms=11.8
[tick] act=5 int=5 priming=0 ready=5 spec=0 demoted=0 decode_ms=11.8
[tick] act=5 int=5 priming=0 ready=5 spec=0 demoted=0 decode_ms=11.8
[tick] act=5 int=5 priming=0 ready=5 spec=0 demoted=0 decode_ms=11.8
[tick] act=5 int=5 priming=0 ready=5 spec=0 demoted=0 decode_ms=11.8
[tick] act=5 int=5 priming=0 ready=5 spec=0 demoted=0 decode_ms=11.8
[tick] act=5 int=5 priming=0 ready=5 spec=0 demoted=0 decode_ms=11.8
[tick] act=5 int=5 priming=0 ready=5 spec=0 demoted=0 decode_ms=11.8
[tick] act=5 int=5 priming=0 ready=5 spec=0 demoted=0 decode_ms=11.8
[tick] act=5 int=5 priming=0 ready=5 spec=0 demoted=0 decode_ms=11.8
[tick] act=5 int=5 priming=0 ready=5 spec=0 demoted=0 decode_ms=11.8
[tick] act=5 int=5 priming=0 ready=5 spec=0 demoted=0 decode_ms=11.8
[tick] act=5 int=5 priming=0 ready=5 spec=0 demoted=0 decode_ms=11.8
[tick] act=5 int=5 priming=0 ready=5 spec=0 demoted=0 decode_ms=11.8
[tick] act=5 int=5 priming=0 ready=5 spec=0 demoted=0 decode_ms=11.8
[tick] act=5 int=5 priming=0 ready=5 spec=0 demoted=0 decode_ms=11.8
[tick] act=5 int=5 priming=0 ready=5 spec=0 demoted=0 decode_ms=11.8
[tick] act=5 int=5 priming=0 ready=5 spec=0 demoted=0 decode_ms=11.8
[tick] act=5 int=5 priming=0 ready=5 spec=0 demoted=0 decode_ms=11.8
[tick] act=5 int=5 priming=0 ready=5 spec=0 demoted=0 decode_ms=11.8
[tick] act=5 int=5 priming=0 ready=5 spec=0 demoted=0 decode_ms=11.8
[tick] act=5 int=5 priming=0 ready=5 spec=0 demoted=0 decode_ms=11.8
[tick] act=5 int=5 priming=0 ready=5 spec=0 demoted=0 decode_ms=11.8
[tick] act=5 int=5 priming=0 ready=5 spec=0 demoted=0 decode_ms=11.8
[tick] act=5 int=5 priming=0 ready=5 spec=0 demoted=0 decode_ms=11.8
[tick] act=5 int=5 priming=0 ready=5 spec=0 demoted=0 decode_ms=11.8
[tick] act=5 int=5 priming=0 ready=5 spec=0 demoted=0 decode_ms=11.8
[tick] act=5 int=5 priming=0 ready=5 spec=0 demoted=0 decode_ms=11.8
[tick] act=5 int=5 priming=0 ready=5 spec=0 demoted=0 decode_ms=11.8
[tick] act=5 int=5 priming=0 ready=5 spec=0 demoted=0 decode_ms=11.8
[tick] act=5 int=5 priming=0 ready=5 spec=0 demoted=0 decode_ms=11.8
[tick] act=5 int=5 priming=0 ready=5 spec=0 demoted=0 decode_ms=11.8
[tick] act=5 int=5 priming=0 ready=5 spec=0 demoted=0 decode_ms=11.8
[tick] act=5 int=5 priming=0 ready=5 spec=0 demoted=0 decode_ms=11.8
[tick] act=5 int=5 priming=0 ready=5 spec=0 demoted=0 decode_ms=11.8
[tick] act=5 int=5 priming=0 ready=5 spec=0 demoted=0 decode_ms=11.8
[tick] act=5 int=5 priming=0 ready=5 spec=0 demoted=0 decode_ms=11.8
[tick] act=5 int=5 priming=0 ready=5 spec=0 demoted=0 decode_ms=11.8
[tick] act=5 int=5 priming=0 ready=5 spec=0 demoted=0 decode_ms=11.8
[tick] act=5 int=5 priming=0 ready=5 spec=0 demoted=0 decode_ms=11.8
[tick] act=5 int=5 priming=0 ready=5 spec=0 demoted=0 decode_ms=11.8
[tick] act=5 int=5 priming=0 ready=5 spec=0 demoted=0 decode_ms=11.9
[tick] act=5 int=5 priming=0 ready=5 spec=0 demoted=0 decode_ms=11.8
[tick] act=5 int=5 priming=0 ready=5 spec=0 demoted=0 decode_ms=11.8
[tick] act=5 int=5 priming=0 ready=5 spec=0 demoted=0 decode_ms=11.8
[tick] act=5 int=5 priming=0 ready=5 spec=0 demoted=0 decode_ms=11.8
[tick] act=5 int=5 priming=0 ready=5 spec=0 demoted=0 decode_ms=11.8
[tick] act=5 int=5 priming=0 ready=5 spec=0 demoted=0 decode_ms=11.8
[tick] act=5 int=5 priming=0 ready=5 spec=0 demoted=0 decode_ms=11.8
[tick] act=5 int=5 priming=0 ready=5 spec=0 demoted=0 decode_ms=11.9
[tick] act=5 int=5 priming=0 ready=5 spec=0 demoted=0 decode_ms=11.9
[tick] act=5 int=5 priming=0 ready=5 spec=0 demoted=0 decode_ms=11.9
[tick] act=5 int=5 priming=0 ready=5 spec=0 demoted=0 decode_ms=11.9
[tick] act=5 int=5 priming=0 ready=5 spec=0 demoted=0 decode_ms=11.9
[tick] act=5 int=5 priming=0 ready=5 spec=0 demoted=0 decode_ms=11.8
[tick] act=5 int=5 priming=0 ready=4 spec=0 demoted=0 decode_ms=10.1
[tick] act=4 int=4 priming=0 ready=4 spec=0 demoted=0 decode_ms=10.2
[tick] act=4 int=4 priming=0 ready=4 spec=0 demoted=0 decode_ms=10.2
[tick] act=4 int=4 priming=0 ready=4 spec=0 demoted=0 decode_ms=10.2
[tick] act=4 int=4 priming=0 ready=4 spec=0 demoted=0 decode_ms=10.2
[tick] act=4 int=4 priming=0 ready=4 spec=0 demoted=0 decode_ms=10.2
[tick] act=4 int=4 priming=0 ready=4 spec=0 demoted=0 decode_ms=10.2
[tick] act=4 int=4 priming=0 ready=4 spec=0 demoted=0 decode_ms=10.2
[tick] act=4 int=4 priming=0 ready=4 spec=0 demoted=0 decode_ms=10.3
[tick] act=4 int=4 priming=0 ready=4 spec=0 demoted=0 decode_ms=10.2
[tick] act=4 int=4 priming=0 ready=4 spec=0 demoted=0 decode_ms=10.2
[tick] act=4 int=4 priming=0 ready=4 spec=0 demoted=0 decode_ms=10.3
[tick] act=4 int=4 priming=0 ready=4 spec=0 demoted=0 decode_ms=10.2
[tick] act=4 int=4 priming=0 ready=4 spec=0 demoted=0 decode_ms=10.3
[tick] act=4 int=4 priming=0 ready=4 spec=0 demoted=0 decode_ms=10.2
[tick] act=4 int=4 priming=0 ready=4 spec=0 demoted=0 decode_ms=10.2
[tick] act=4 int=4 priming=0 ready=4 spec=0 demoted=0 decode_ms=10.3
[tick] act=4 int=4 priming=0 ready=4 spec=0 demoted=0 decode_ms=10.3
[tick] act=4 int=4 priming=0 ready=4 spec=0 demoted=0 decode_ms=10.2
[tick] act=4 int=4 priming=0 ready=4 spec=0 demoted=0 decode_ms=10.2
[tick] act=4 int=4 priming=0 ready=4 spec=0 demoted=0 decode_ms=10.3
[tick] act=4 int=4 priming=0 ready=4 spec=0 demoted=0 decode_ms=10.3
[tick] act=4 int=4 priming=0 ready=4 spec=0 demoted=0 decode_ms=10.3
[tick] act=4 int=4 priming=0 ready=4 spec=0 demoted=0 decode_ms=10.3
[tick] act=4 int=4 priming=0 ready=4 spec=0 demoted=0 decode_ms=10.3
[tick] act=4 int=4 priming=0 ready=4 spec=0 demoted=0 decode_ms=10.2
[tick] act=4 int=4 priming=0 ready=4 spec=0 demoted=0 decode_ms=10.2
[tick] act=4 int=4 priming=0 ready=4 spec=0 demoted=0 decode_ms=10.2
[tick] act=4 int=4 priming=0 ready=4 spec=0 demoted=0 decode_ms=10.3
[tick] act=4 int=4 priming=0 ready=4 spec=0 demoted=0 decode_ms=10.2
[tick] act=4 int=4 priming=0 ready=4 spec=0 demoted=0 decode_ms=10.2
[tick] act=4 int=4 priming=0 ready=4 spec=0 demoted=0 decode_ms=10.2
[tick] act=4 int=4 priming=0 ready=4 spec=0 demoted=0 decode_ms=10.2
[tick] act=4 int=4 priming=0 ready=4 spec=0 demoted=0 decode_ms=10.2
[tick] act=4 int=4 priming=0 ready=4 spec=0 demoted=0 decode_ms=10.2
[tick] act=4 int=4 priming=0 ready=4 spec=0 demoted=0 decode_ms=10.2
[tick] act=4 int=4 priming=0 ready=4 spec=0 demoted=0 decode_ms=10.3
[tick] act=4 int=4 priming=0 ready=4 spec=0 demoted=0 decode_ms=10.3
[tick] act=4 int=4 priming=0 ready=4 spec=0 demoted=0 decode_ms=10.1
[tick] act=4 int=4 priming=0 ready=4 spec=0 demoted=0 decode_ms=10.1
[tick] act=4 int=4 priming=0 ready=4 spec=0 demoted=0 decode_ms=10.2
[tick] act=4 int=4 priming=0 ready=4 spec=0 demoted=0 decode_ms=10.2
[tick] act=4 int=4 priming=0 ready=4 spec=0 demoted=0 decode_ms=10.3
[tick] act=4 int=4 priming=0 ready=4 spec=0 demoted=0 decode_ms=10.3
[tick] act=4 int=4 priming=0 ready=4 spec=0 demoted=0 decode_ms=10.2
[tick] act=4 int=4 priming=0 ready=4 spec=0 demoted=0 decode_ms=10.2
[tick] act=4 int=4 priming=0 ready=4 spec=0 demoted=0 decode_ms=10.2
[tick] act=4 int=4 priming=0 ready=4 spec=0 demoted=0 decode_ms=10.3
[tick] act=4 int=4 priming=0 ready=4 spec=0 demoted=0 decode_ms=10.3
[tick] act=4 int=4 priming=0 ready=4 spec=0 demoted=0 decode_ms=10.3
[tick] act=4 int=4 priming=0 ready=4 spec=0 demoted=0 decode_ms=10.3
[tick] act=4 int=4 priming=0 ready=4 spec=0 demoted=0 decode_ms=10.3
[tick] act=4 int=4 priming=0 ready=4 spec=0 demoted=0 decode_ms=10.3
[tick] act=4 int=4 priming=0 ready=4 spec=0 demoted=0 decode_ms=10.2
[tick] act=4 int=4 priming=0 ready=4 spec=0 demoted=0 decode_ms=10.3
[tick] act=4 int=4 priming=0 ready=4 spec=0 demoted=0 decode_ms=10.3
[tick] act=4 int=4 priming=0 ready=4 spec=0 demoted=0 decode_ms=10.3
[tick] act=4 int=4 priming=0 ready=2 spec=0 demoted=0 decode_ms=9.1
[tick] act=2 int=2 priming=0 ready=0 spec=0 demoted=0 decode_ms=0.0
[server] SIGTERM: draining (0 in flight, deadline 30s)
[server] drain complete in 0.0s; exiting
